vertex_id,x,y
0,-2.2819277010779624,-0.5128577186955556
1,-1.676951796106194,-2.113556138226234
2,-0.9263676943709118,-2.474982067238524
3,-0.6506088148650351,-3.03601330981381
4,1.4253778854805257,-3.3230396968524376
5,1.7008816261713418,-3.110650281555289
6,1.7170965355524141,-2.118100718691452
7,2.6960270193703506,-1.3931103936949845
8,2.98371571194421,-0.950258791898952
9,2.913338078610196,-0.7099375960824108
10,1.9774821013775397,0.04541157393853516
11,1.392999480366213,1.298214943494638
12,1.305315810771151,2.2868603770788245
13,0.980664314289018,2.3776875021899206
14,0.4850458069135891,3.144469877653381
15,0.08054308491066611,3.4217302447871605
16,-1.518883360362098,2.8647135312909913
17,-2.1382788545848608,2.4264927604021382
18,-2.7924082927186777,0.6285517837053972
