idx,x,y
0,2.422913173228813,-0.6909479011580719
1,2.423113157483341,-0.6461214431939986
2,2.418246424972495,-0.601560551805606
3,2.408773845143627,-0.557745241207217
4,2.3952853609840012,-0.5149877201683482
5,2.3781838490172085,-0.4735385237863213
6,2.358212353442586,-0.4333904444969366
7,2.336559670496612,-0.3941136149532724
8,2.31577215807817,-0.35437243147886904
9,2.2960676954221833,-0.31408398867132026
10,2.277640338670276,-0.2731963716625745
11,2.260807755560191,-0.23162778670468448
12,2.2459902545584893,-0.18930142447304293
13,2.231780390906944,-0.14676394089976413
14,2.2163198749534097,-0.10466350689376425
15,2.1999507994033753,-0.06290720477842576
16,2.182886503419325,-0.021429888382331494
17,2.165266133693999,0.01981443782224447
18,2.147198666861587,0.060864948838737186
19,2.128700553952552,0.10172282168722212
20,2.10942530693852,0.14221918601251538
21,2.0892859137646482,0.18229274902282172
22,2.068265743011994,0.22191132790423884
23,2.046349752188405,0.26104138594788623
24,2.0235247183515677,0.2996481515699505
25,1.9997794683254981,0.3376957674029329
26,1.9751051038529062,0.37514747033267626
27,1.9497805516788083,0.41216383920616256
28,1.925095612605428,0.44960933322054547
29,1.9012404329291976,0.48758887772601933
30,1.8782792956174192,0.5261153233857108
31,1.8562373435553188,0.565174573826011
32,1.8351621957749775,0.6047637191152364
33,1.8151064384243347,0.6448790676789848
34,1.7961029299366829,0.6855042039216381
35,1.7772444335930748,0.7261976683700222
36,1.7583097828768157,0.7668557537453484
37,1.739292122697919,0.8074750772770631
38,1.7201921667630788,0.8480557683087409
39,1.7009988171808115,0.8885923695276827
40,1.6817133307007657,0.9290852146170581
41,1.662273665576134,0.9695041993723732
42,1.6426028309333474,1.0098111899789957
43,1.6227153132061674,1.0500117264680633
44,1.6026361229599568,1.090116884454518
45,1.582367891489945,1.130126845967023
46,1.561934435024454,1.1700526759060283
47,1.5413461065598524,1.2098988710294938
48,1.5201338017003014,1.2494151693526168
49,1.497885841179501,1.2883573981126233
50,1.4745615188138543,1.3266639747450302
51,1.45002345835773,1.36420387212816
52,1.4241469553400867,1.400833623047517
53,1.3967651828137428,1.4363506202719993
54,1.3679879440837264,1.470749750033489
55,1.3384646672424834,1.504511960013422
56,1.3082095108517733,1.537619728282945
57,1.277181940462745,1.5700044829326358
58,1.2453411983313556,1.601589761015323
59,1.2125773688477441,1.6322138028459545
60,1.1780216548756428,1.6607877206539747
61,1.141153322524078,1.6862935495376281
62,1.101554915502626,1.7072737780556968
63,1.0593701211996769,1.7224192315083715
64,1.0179813644804523,1.7396444598059706
65,0.9783995799827201,1.7607064864193462
66,0.9405659570772773,1.7847758279749262
67,0.9028624068090896,1.8089853023464564
68,0.8616450220077694,1.8265510757973893
69,0.818471190432478,1.8385957398921822
70,0.7743145609032354,1.8463605136398675
71,0.7297001507890917,1.8508742774903055
72,0.6848992398771777,1.8529438552414519
73,0.6401222870107337,1.8554940320267626
74,0.5954346522300328,1.8592951012813306
75,0.5508868248742222,1.8644776110539996
76,0.5065602026137818,1.8712950306603844
77,0.4625771444892736,1.8800536126538752
78,0.4193355791085245,1.891832763437581
79,0.37868890389211696,1.9106119511639317
80,0.34265653110792504,1.9371666822893794
81,0.3127634381768514,1.9704947992557198
82,0.2895193822282379,2.008784331958022
83,0.27144903263475484,2.0498219306052383
84,0.2565436249991546,2.0921096200558456
85,0.24504574665358822,2.1354472923273433
86,0.23718813685822177,2.1795901985429684
87,0.23307828673531966,2.224237778679993
88,0.23004476927131653,2.2689831307319683
89,0.22513110318530755,2.3135597604689964
90,0.21794074051168286,2.3578234343825017
91,0.207877499285156,2.4015194984946855
92,0.19083461939261295,2.4428252698210002
93,0.16427906647392299,2.4788821781700694
94,0.13244152708115903,2.510431457587992
95,0.09755266670083082,2.5385956225343933
96,0.06070299615242569,2.5641495821807068
97,0.02253394217149221,2.587690984619868
98,-0.01673678480396895,2.609347906161377
99,-0.056901920423946706,2.6292989761982506
100,-0.09778419978188263,2.647736729573762
101,-0.1392609072929717,2.664796556478481
102,-0.18123124406846142,2.680604400116866
103,-0.22361264978914924,2.6952760174877755
104,-0.266334516528397,2.7089270642599037
105,-0.30927435290484945,2.7218785415588056
106,-0.3524161157235824,2.7341401701671635
107,-0.3957715381304286,2.745622830411667
108,-0.43936447126047223,2.756166423677746
109,-0.4832076494701672,2.765612229019047
110,-0.5273092619797406,2.773763326816724
111,-0.5716887850708745,2.7802227690501904
112,-0.616294640138747,2.7848677220415374
113,-0.6610582829727558,2.7875870081371232
114,-0.7059001858774059,2.788101281072913
115,-0.7506985252202423,2.7861002696488266
116,-0.7952767543325745,2.781249280001524
117,-0.8393107156219872,2.7728276179401234
118,-0.8820408800157138,2.7593373096828926
119,-0.921686991387318,2.7385708476105006
120,-0.9543047948556813,2.708089572381957
121,-0.9755252496559816,2.668754145496226
122,-0.9878689258327078,2.6256929565113563
123,-0.9945216165698743,2.5813607275903894
124,-0.9973319862172196,2.5366080651720484
125,-0.9972717761420116,2.4917662580708493
126,-0.9941289898789429,2.447037352006087
127,-0.9874834207515548,2.4026961030346765
128,-0.976848859019509,2.3591427122502764
129,-0.9629576927605483,2.31650488815797
130,-0.952495325462376,2.2729220583265577
131,-0.9483041962637191,2.2283226835773005
132,-0.9531005450220684,2.183832997971835
133,-0.966350115345395,2.1410127831271404
134,-0.9838663156421492,2.099739389025954
135,-1.0044320590978388,2.0598903877160297
136,-1.027767957838235,2.0216233930646745
137,-1.0575402249359165,1.9881546575087177
138,-1.0915638003493726,1.958963309072498
139,-1.1279976152539992,1.9328258842253714
140,-1.165943881818305,1.9089282020924587
141,-1.2049201361511335,1.8867455724261348
142,-1.244642191557385,1.8659244677592233
143,-1.2847667090772161,1.845883897807113
144,-1.324920343602601,1.8259017318217174
145,-1.3651043588237994,1.80598073767489
146,-1.4053220032340636,1.7861277285695034
147,-1.4455771647319053,1.7663509064816876
148,-1.4858743465506992,1.7466598498607315
149,-1.526219266396897,1.7270667931415231
150,-1.566620761934447,1.707590678418224
151,-1.6067519505184336,1.6875695245209652
152,-1.6460852406471913,1.6660252965931097
153,-1.6844579833867972,1.6428149640672534
154,-1.721585089952083,1.617661658776179
155,-1.7571348864184397,1.5903282140962327
156,-1.7906625622880472,1.5605528653764245
157,-1.8228492579578008,1.5293205130406653
158,-1.8540203209392285,1.4970755700510414
159,-1.883877302905211,1.4636115420281857
160,-1.9120022038963527,1.4286824683845503
161,-1.9366119494986818,1.3912341909369632
162,-1.9561815458082934,1.3509103085115484
163,-1.9713153920226014,1.3087110837682168
164,-1.9827174116504296,1.265346404538863
165,-1.9913266036906496,1.2213327635688167
166,-1.9981220898132583,1.1770034652587755
167,-2.0028465181719617,1.132406531117058
168,-2.005333057839659,1.0876304650950372
169,-2.005667239438649,1.042783212756419
170,-2.005667239438649,0.9979323304486871
171,-2.005667239438649,0.9530814481409569
172,-1.9999849004541808,0.9092918124226741
173,-1.9665373206757428,0.8802443460871736
174,-1.9251559421708906,0.8631096047350784
175,-1.8819985981905905,0.8509333391405773
176,-1.8382837207447837,0.8409186752893634
177,-1.7942315617253157,0.8325046322658969
178,-1.7499514657454633,0.8253821155428673
179,-1.7055141867389927,0.8193128620530503
180,-1.6609607540260773,0.814163050360059
181,-1.6163146114850997,0.8098917353849995
182,-1.571594505758281,0.8064789399771621
183,-1.526821832951798,0.8038417802863405
184,-1.482009900593984,0.8019858340630033
185,-1.4371746547997664,0.80082320876756
186,-1.39232706450667,0.8003198977747965
187,-1.3474762281115829,0.8003053280180372
188,-1.3026253458038526,0.8003053280180372
189,-1.2577744634961225,0.8003053280180372
190,-1.2129235811883912,0.8003053280180372
191,-1.168072698880661,0.8003053280180372
192,-1.1232218165729309,0.8003053280180372
193,-1.0783709342651997,0.8003053280180372
194,-1.0335200787260843,0.800331293601688
195,-0.9886696854352586,0.8005308684744272
196,-0.9438205046188228,0.8009175441572816
197,-0.8989731794964739,0.8014803987052266
198,-0.8541282531210972,0.8022100877617857
199,-0.8092861314898339,0.8030956582845441
200,-0.7644471634386945,0.8041287369560197
201,-0.719611657446148,0.8053024914491413
202,-0.6747764898673072,0.8064846317812933
203,-0.629932167394677,0.80723698705531
204,-0.5850823767137894,0.8075039272735134
205,-0.5402326030039375,0.807239081553897
206,-0.49539026380852175,0.8063826626711545
207,-0.4505658298079754,0.8048573890590034
208,-0.40577208256334035,0.8026083009283933
209,-0.36102607179046137,0.7995541518166429
210,-0.31631973848293565,0.7959581779781124
211,-0.27164806383198603,0.7919552750948347
212,-0.22702061305741306,0.7874863474067944
213,-0.18244965196763713,0.7824860965861684
214,-0.13794975380443159,0.7768896375856844
215,-0.09356959746596755,0.770428086108069
216,-0.04967892992387818,0.7612518763313001
217,-0.006697403132224666,0.7484944649622867
218,0.03484138364905509,0.731642065877623
219,0.07418229951152899,0.710168649565023
220,0.1114865913102693,0.6852741539257667
221,0.14792137639433542,0.6591216708265286
222,0.1836576142291073,0.6320215216115084
223,0.21879752847721629,0.6041517638115976
224,0.25342647809103946,0.5756492767120927
225,0.2880055855903628,0.5470857027367287
226,0.32278773125865523,0.5187697497878008
227,0.3577814522783381,0.4907157118501904
228,0.3929956567043572,0.46293895650200784
229,0.4284396306015931,0.4354560191681397
230,0.463582884660334,0.40759927202433294
231,0.49666774985524337,0.37733714525000334
232,0.526891086239936,0.3442254388104955
233,0.55316974228568,0.30791777775138235
234,0.5743157427249624,0.2684040114856566
235,0.5915441125657439,0.22700695889872335
236,0.6055356634096082,0.18440580346916163
237,0.6164507153638972,0.140913107218885
238,0.6247853609568461,0.0968466317907343
239,0.6333456244820537,0.05282085851157451
240,0.6426444310352217,0.00894504693468224
241,0.6525948231502773,-0.03478771441895734
242,0.6631264439217014,-0.07838425350362663
243,0.6738150242391281,-0.12194262203811912
244,0.6839980501215364,-0.1656219297870358
245,0.6936842975104789,-0.20941408869101347
246,0.7028825878411331,-0.2533113541976036
247,0.7116017694746841,-0.2973063193359712
248,0.7196393561195304,-0.34142993800939003
249,0.726403253181358,-0.3857657283907298
250,0.7315341408475522,-0.43031833417075827
251,0.7344272839443491,-0.4750686845214462
252,0.7340778009612998,-0.5199020545810142
253,0.728257306197118,-0.5643188851925969
254,0.7109944355761944,-0.6053572266444318
255,0.6745468643337091,-0.6304178997263372
256,0.6307934507596862,-0.6397098411948623
257,0.5859927794357838,-0.6413855623181692
258,0.5411760517044795,-0.6397716904592072
259,0.4964629400191021,-0.6362871547858269
260,0.4518616780510806,-0.6315728057411512
261,0.4073754607857919,-0.625875873878786
262,0.3630881878283423,-0.6188003004474902
263,0.3190638264440492,-0.6102423235512748
264,0.27536708246588226,-0.6001460193815646
265,0.23207232228602867,-0.5884467387483747
266,0.18926140715524684,-0.5750860278192944
267,0.14708714585456106,-0.5598399128065294
268,0.1057223082408753,-0.5425181887977337
269,0.06528982688544521,-0.5231198300217399
270,0.025909219979673492,-0.5016663165513089
271,-0.012307439677118753,-0.4782016442179113
272,-0.05018345608743391,-0.45419589076776673
273,-0.08960739596359335,-0.4328285505419753
274,-0.13029759809919678,-0.413981298696016
275,-0.17197383041687697,-0.3974252182961825
276,-0.21441570475874244,-0.38293745807129353
277,-0.2574767500034577,-0.37040668494954504
278,-0.3007572413540632,-0.35864250705651785
279,-0.3439692174441728,-0.34662915764664737
280,-0.38710473915702354,-0.3343442698099854
281,-0.4301480014631664,-0.3217400597639099
282,-0.47307844860898957,-0.3087569892379823
283,-0.5159736201527447,-0.2956710367888026
284,-0.5599935101211824,-0.287370307950009
285,-0.6047193831699111,-0.2879839798020994
286,-0.6472344413365874,-0.301526067779208
287,-0.6831571421568612,-0.3281389146497439
288,-0.712966781643859,-0.3615708599065836
289,-0.7372507111862947,-0.39923795024994957
290,-0.7569145010482974,-0.43952630253652075
291,-0.7733794238052536,-0.48124163717764173
292,-0.7879944424163914,-0.52363972220474
293,-0.8005511118477306,-0.5666915649033009
294,-0.810820595100296,-0.610344654689696
295,-0.8190681928356403,-0.6544294045169894
296,-0.8266497338085796,-0.6986344804384022
297,-0.8336229868651688,-0.7429395480558356
298,-0.8399475735656909,-0.7873418177620404
299,-0.8446826854303766,-0.8319345295126703
300,-0.8470620245936806,-0.8767181004589271
301,-0.8476279188895046,-0.9215629293921535
302,-0.8467947647716743,-0.9664044077057048
303,-0.8449026444429055,-1.0112148629390207
304,-0.8428140875129939,-1.056017087390031
305,-0.8406660277611353,-1.1008164977228818
306,-0.8384539212156612,-1.1456127900751718
307,-0.8361722807156808,-1.1904055937730618
308,-0.8338928298250148,-1.2351984214294562
309,-0.8320591129450066,-1.2800115356245176
310,-0.830743511862704,-1.3248428433756994
311,-0.8299408841144882,-1.3696862757156967
312,-0.8296574579857283,-1.414535986576727
313,-0.8301043883881796,-1.4593836469225763
314,-0.8314890674496069,-1.50421234934517
315,-0.8337350268629053,-1.5490062939368003
316,-0.8367544628601347,-1.5937548154391659
317,-0.8404849817957816,-1.638449755107024
318,-0.8430140436059486,-1.683218630047573
319,-0.8422306941300373,-1.7280495480455946
320,-0.8375833760562446,-1.7726416838863028
321,-0.8286136316061554,-1.8165643288357591
322,-0.8149550417465385,-1.8592608036300695
323,-0.798437457929347,-1.9009546083574353
324,-0.7801250849365189,-1.941893516249752
325,-0.7603731343932765,-1.9821584025267958
326,-0.739424440221927,-2.021814476175059
327,-0.7174677091296591,-2.0609220930386916
328,-0.6946506926129081,-2.0995344121234996
329,-0.6709957928767305,-2.1376388575370484
330,-0.6464588945273884,-2.1751811462699098
331,-0.6209917805586722,-2.212098503605616
332,-0.5945459708508405,-2.2483209640046775
333,-0.5672915078954803,-2.2839407154470384
334,-0.5398057258939224,-2.3193826059555027
335,-0.5121175014049557,-2.3546665720410713
336,-0.4842210138725665,-2.3897861050094082
337,-0.4561154676913027,-2.4247385432623076
338,-0.4269122139084636,-2.4587518754766546
339,-0.3939700231414453,-2.4891438954964187
340,-0.3577045689966411,-2.515492508135122
341,-0.31882460372557314,-2.5378152018293667
342,-0.2779935901872274,-2.556337692821154
343,-0.2358531935252683,-2.5716733179730613
344,-0.19354783189636715,-2.586568091749746
345,-0.1513043065119844,-2.601637374731947
346,-0.10912382093787304,-2.616882222686589
347,-0.0670028980679368,-2.6322908658514295
348,-0.024941421241083367,-2.647861068087675
349,0.017086866631255943,-2.663520218520575
350,0.05934820914994984,-2.6785369797235203
351,0.1019085605878648,-2.6926842585139825
352,0.1447404379366184,-2.7059864066661525
353,0.18782871925314432,-2.718433441223555
354,0.23116054765212674,-2.730003863082577
355,0.27471671034408635,-2.7406930653341797
356,0.3190800291641631,-2.747105416371787
357,0.3638604801964431,-2.7492772608754326
358,0.40868782136412335,-2.748223898007576
359,0.45339355464873243,-2.7447091047099246
360,0.49791313568885953,-2.73929278724002
361,0.5421908309649421,-2.732159054665946
362,0.5862623963520883,-2.723844858767999
363,0.6300883986738435,-2.7143176259446378
364,0.6737163041426019,-2.7039206868759256
365,0.7172566261898292,-2.6931578280742356
366,0.7607583817825172,-2.6822401412515453
367,0.8042232112066507,-2.671176372911315
368,0.8476395435674171,-2.659923854406891
369,0.8910093375941524,-2.648493276060622
370,0.9343185791804505,-2.636835462863873
371,0.9775670797150136,-2.6249543655555154
372,1.0207387738045484,-2.612797106388723
373,1.0638225338696936,-2.600332052349216
374,1.1068042946573609,-2.587519971604477
375,1.1494209700439981,-2.573560023664395
376,1.1912929328872648,-2.5575083883698966
377,1.2321808180812506,-2.5390982420128516
378,1.2717766634557301,-2.518054090071487
379,1.3095456822729465,-2.493891892327785
380,1.3450691034226208,-2.466542800878529
381,1.3774920245015454,-2.4355903040910087
382,1.4087717427177726,-2.4034498374931235
383,1.4409449999257897,-2.3722033106332887
384,1.4739769817835802,-2.341866093037464
385,1.5077861614362094,-2.312397367411735
386,1.542358037784641,-2.2838269444278807
387,1.5776208570667083,-2.2561139503563177
388,1.613058109095827,-2.228623822980984
389,1.6478853592712466,-2.200364903600395
390,1.6820966649820315,-2.171363154647664
391,1.7157102371430326,-2.1416706178409313
392,1.7487066638788225,-2.111293616697345
393,1.781123571001566,-2.0802988711469825
394,1.812933929968328,-2.0486819937661163
395,1.8440494451970044,-2.016381593806846
396,1.8743902861736808,-1.9833526346453152
397,1.9038474877484577,-1.9495334005070164
398,1.9323761545643945,-1.9149277918991072
399,1.9598550015348988,-1.879482852713485
400,1.986183137871485,-1.8431757405265463
401,2.0110274204948357,-1.8058408345995285
402,2.0340799391003324,-1.767372586662855
403,2.0553309131807573,-1.7278807337258362
404,2.074868238815371,-1.6875133730111136
405,2.0926735980796636,-1.6463519589199198
406,2.1088358837964516,-1.6045181858974091
407,2.12404314231702,-1.5623241013647393
408,2.1392922893140534,-1.5201451382179112
409,2.154587993161708,-1.4779830367229903
410,2.1699376807008823,-1.4358405592964352
411,2.185350444746874,-1.393721111308401
412,2.200820152615002,-1.3516225576392775
413,2.2160426335925485,-1.309434108005578
414,2.2309759352630336,-1.267142371313394
415,2.245679586023388,-1.2247702100527191
416,2.2602011594192932,-1.182335290239939
417,2.274567341710749,-1.1398475007188535
418,2.2888055576739768,-1.0973166530339997
419,2.303144645002921,-1.05481982252129
420,2.3178211003445,-1.0124383589904484
421,2.332932342264159,-0.9702100699495173
422,2.348579677145602,-0.9281777467093886
423,2.3649656712159035,-0.8864283241517581
424,2.3824171162936425,-0.8451140404075912
425,2.4012838167494537,-0.8044289199219792
426,2.418665967469712,-0.7805484546138273
427,2.4209074486539017,-0.7357539020182939
