idx,s,x,y,kappa,abs_kappa,dkappa_ds,abs_dkappa_ds,turn_radius
0,0.0,-2.381375508004825,0.5290641292883571,1.177702266406554,1.177702266406554,-3.622510516337849,3.622510516337849,0.8491110431936543
1,0.024929680292639284,-2.37554143520683,0.5048267087556169,1.0843146465145543,1.0843146465145543,-3.7298968269403927,3.7298968269403927,0.922241531288379
2,0.04994111212862486,-2.369032053670748,0.48067718133780035,0.9914270707441217,0.9914270707441217,-3.6271588734681113,3.6271588734681113,1.0086470598885744
3,0.07503538474790897,-2.3619013741491544,0.4566173407761658,0.9025732959882522,0.9025732959882522,-3.404065958466012,3.404065958466012,1.1079432600596417
4,0.1002118900089097,-2.35420159268368,0.43264715549233584,0.8203020270562379,0.8203020270562379,-3.094009908300135,3.094009908300135,1.2190631828481906
5,0.12546884350856882,-2.345981479892241,0.4087652911224847,0.7465316748729244,0.7465316748729244,-2.7243429124449103,2.7243429124449103,1.3395278909903205
6,0.15080379799103777,-2.3372850945883332,0.38496964443501797,0.6824723211180622,0.6824723211180622,-2.3223206507712635,2.3223206507712635,1.4652608890595697
7,0.17621410013330274,-2.328150900365144,0.3612578340685728,0.6286849174846175,0.6286849174846175,-1.9116546052657997,1.9116546052657997,1.590621903259621
8,0.20169726483369946,-2.31861127406156,0.33762761584834666,0.5851815908503457,0.5851815908503457,-1.5118956903222178,1.5118956903222178,1.7088712557530539
9,0.22725125758527753,-2.308692362120078,0.3140772075409556,0.5515220590866804,0.5515220590866804,-1.138852929696815,1.138852929696815,1.8131641038184372
10,0.2528746851825699,-2.298414236362995,0.29060551879141583,0.5268980357517092,0.5268980357517092,-0.8051909076980615,0.8051909076980615,1.8979004136413808
11,0.27856690046500493,-2.287791302856766,0.26721228879123804,0.5102031700172431,0.5102031700172431,-0.5210124703677114,0.5210124703677114,1.9600035020680162
12,0.304328028934881,-2.2768329231152236,0.24389813743457026,0.5000902020146386,0.5000902020146386,-0.2942825102855161,0.2942825102855161,1.9996392570209325
13,0.3301589250614739,-2.265544213116687,0.22066453630879176,0.4950205395082822,0.4950205395082822,-0.1310002946085497,0.1310002946085497,2.0201181975061644
14,0.35606106517572644,-2.253926989745174,0.19751370514369654,0.4933131590260931,0.4933131590260931,-0.035104315896321014,0.035104315896321014,2.0271099233886574
15,0.38203638316880284,-2.2419808346147967,0.17444843856291764,0.49319941683098434,0.49319941683098434,-0.008167053888998133,0.008167053888998133,2.0275774177216683
16,0.40808705550898217,-2.2297042413867536,0.15147186814676217,0.4928882599594129,0.4928882599594129,-0.04899409932665364,0.04899409932665364,2.0288574130013677
17,0.43421524378193505,-2.2170958054511476,0.12858716658251645,0.4906429605513529,0.4906429605513529,-0.15327293994057473,0.15327293994057473,2.0381419492419997
18,0.4604228060292953,-2.204155406014456,0.10579720428838063,0.484866605613168,0.484866605613168,-0.31341423829990556,0.31341423829990556,2.0624229188466963
19,0.48671099219268454,-2.1908853225903036,0.08310417413202988,0.4741900455492144,0.4741900455492144,-0.5186918080503746,0.5186918080503746,2.1088591154244587
20,0.5130801431897664,-2.1772912231084307,0.0605092060288471,0.4575536761942851,0.4575536761942851,-0.7557244343644917,0.7557244343644917,2.185535931691177
21,0.5395294165428205,-2.16338296136977,0.038011999173028596,0.43427387168318415,0.43427387168318415,-1.0092687708370214,1.0092687708370214,2.302694371466884
22,0.5660565629991087,-2.1491751285301652,0.015610504019463192,0.4040862300899641,0.4040862300899641,-1.2632273076781044,1.2632273076781044,2.4747193186398957
23,0.5926577773919834,-2.1346873166724447,-0.0066993125362814765,0.36716067544634523,0.36716067544634523,-1.5017360951514134,1.5017360951514134,2.723603225711285
24,0.6193276427128634,-2.1199440711238844,-0.028923588158418972,0.32408712685613034,0.32408712685613034,-1.710192498612573,1.710192498612573,3.0855900069240416
25,0.6460591792165428,-2.104974529863565,-0.051070549085443034,0.27583399863058816,0.27583399863058816,-1.8761113592453955,1.8761113592453955,3.6253688992822606
26,0.6728440011741328,-2.0898117705550527,-0.07315034567535586,0.2236844788414945,0.2236844788414945,-1.9897462399184533,1.9897462399184533,4.470582872710681
27,0.6996725738468206,-2.0744919059399574,-0.09517474259851441,0.1691569482557287,0.1691569482557287,-2.044463926224101,2.044463926224101,5.911669667202889
28,0.7265345537533529,-2.059052984601941,-0.11715668228584625,0.11391608091424076,0.11391608091424076,-2.036899767444398,2.036899767444398,8.778391882642348
29,0.7534191875834775,-2.043533765329253,-0.13910975426555106,0.05968048323460837,0.05968048323460837,-1.9669400998449296,1.9669400998449296,16.75589649750198
30,0.7803157400652475,-2.027972439129537,-0.16104761337510504,0.008131708940143968,0.008131708940143968,-1.837575477068363,1.837575477068363,122.97538037340225
31,0.8072139191915361,-2.012405373614477,-0.18298339491029852,-0.0391713963638344,0.0391713963638344,-1.6546512083163427,1.6546512083163427,25.52883207715479
32,0.8341042684955136,-1.996865950475644,-0.20492917387123377,-0.08086954462055361,0.08086954462055361,-1.4265198516497781,1.4265198516497781,12.365594547268445
33,0.8609785002288114,-1.9813835586549449,-0.22689550890385451,-0.1158676385291409,0.1158676385291409,-1.1635840155520365,1.1635840155520365,8.630537505504597
34,0.8878297497578456,-1.9659827940674934,-0.2488911005392791,-0.14338365584524365,0.14338365584524365,-0.8777142861398591,0.8777142861398591,6.974295599488107
35,0.9146527394677793,-1.9506829018861689,-0.2709225797501504,-0.16297828510687162,0.16297828510687162,-0.5815386948611819,0.5815386948611819,6.135786735909379
36,0.9414438490353887,-1.9354974801522076,-0.29299442875800175,-0.17456232916526393,0.17456232916526393,-0.28762387662453603,0.28762387662453603,5.7286128386455415
37,0.9682010971550956,-1.9204344448455533,-0.31510902335727137,-0.17838007133177483,0.17838007133177483,-0.007596687122947856,0.007596687122947856,5.606007400569248
38,0.994924046823587,-1.9054962378511469,-0.3372667761940776,-0.17496860149513424,0.17496860149513424,0.24872047084887874,0.24872047084887874,5.715311155572158
39,1.021613651479123,-1.890680241987293,-0.3594663541907665,-0.16509527567106141,0.16509527567106141,0.47407460317736266,0.47407460317736266,6.057108514676196
40,1.0482720623444262,-1.8759793528640862,-0.3817049406757592,-0.14967766220679257,0.14967766220679257,0.6643637994717115,0.6643637994717115,6.681023642782542
41,1.0749024182741207,-1.8613826469804864,-0.4039785132291216,-0.1296921480939747,0.1296921480939747,0.8189681507000988,0.8189681507000988,7.710567021184674
42,1.101508638578727,-1.8468760798895238,-0.4262821109239475,-0.10607860181858245,0.10607860181858245,0.9407867308846111,0.9407867308846111,9.426971913809895
43,1.1280952371608115,-1.832443147756381,-0.448610068604958,-0.0796490499070276,0.0796490499070276,1.0359634224794434,1.0359634224794434,12.555077570508068
44,1.1546671733330807,-1.8180654501376494,-0.47095620033122043,-0.05100830422046959,0.05100830422046959,1.1133071600784703,1.1133071600784703,19.604650954044082
45,1.1812297512550527,-1.8037231010349928,-0.49331391864231744,-0.020494014918618356,0.020494014918618356,1.1834304940363165,1.1834304940363165,48.794733680588976
46,1.207788576214802,-1.7893949488303025,-0.5156762807188475,0.011857183835748141,0.011857183835748141,1.2576463842447658,1.2576463842447658,84.33705792644514
47,1.2343495720327493,-1.7750585831265333,-0.5380359568624952,0.046311935614181766,0.046311935614181766,1.3466809157338475,1.3466809157338475,21.592705783901145
48,1.2609190596368998,-1.7606901271888025,-0.5603851211760124,0.08340699190400072,0.08340699190400072,1.4592829729962917,1.4592829729962917,11.989402532955198
49,1.2875038923365074,-1.7462638376990267,-0.5827152689861662,0.12387913017464713,0.12387913017464713,1.6008421516948792,1.6008421516948792,8.072384739787736
50,1.31411163858772,-1.7317515575329339,-0.6050169703775342,0.16855991444583168,0.16855991444583168,1.7721606638239364,1.7721606638239364,5.9326086115294006
51,1.3407507983117206,-1.7171220902874407,-0.62727957397446,0.2182412024142515,0.2182412024142515,1.968556350520429,1.968556350520429,4.582086191505965
52,1.3674310343977054,-1.7023405848061735,-0.6494908795036529,0.27352214967349076,0.27352214967349076,2.1794904197085185,2.1794904197085185,3.656011044055194
53,1.3941633972220135,-1.6873680310659036,-0.6716368014005889,0.33465345003096897,0.33465345003096897,2.388900808586341,2.388900808586341,2.9881658172281194
54,1.4209605171128563,-1.6721609725803597,-0.6937010486495084,0.4013987742149238,0.4013987742149238,2.5763665544526826,2.5763665544526826,2.491288126018449
55,1.4478367379053927,-1.656671532537142,-0.7156648482123511,0.4729356498333718,0.4729356498333718,2.7191225228999145,2.7191225228999145,2.114452569503541
56,1.47480816432145,-1.640847829873109,-0.7375067409169008,0.5478171245449791,0.5478171245449791,2.794791355946698,2.794791355946698,1.8254266893000237
57,1.5018925973311128,-1.6246348276754539,-0.7592024794660662,0.6240104984946437,0.6240104984946437,2.784521450483243,2.784521450483243,1.6025371406609172
58,1.5291093356985537,-1.607975611876523,-0.7807250577578597,0.6990199010308912,0.6990199010308912,2.6760557035801895,2.6760557035801895,1.4305744350414538
59,1.5564788296378307,-1.5908130474258935,-0.802044897812844,0.7700862967959896,0.7700862967959896,2.4661593028998285,2.4661593028998285,1.2985557646728505
60,1.584022184851188,-1.5730917079990645,-0.8231302136826215,0.8344437348173952,0.8344437348173952,2.1618599272578676,2.1618599272578676,1.1984031496369665
61,1.611760532348778,-1.5547599310632074,-0.8439475592451816,0.8895975945973692,0.8895975945973692,1.7801314641343489,1.7801314641343489,1.124103758905282
62,1.639714299977475,-1.5357718202350792,-0.8644625482000385,0.9335830212578912,0.9335830212578912,1.34596581479418,1.34596581479418,1.0711420165424816
63,1.667902442212755,-1.5160890077612013,-0.8846407110449196,0.9651626860515384,0.9651626860515384,0.8891497463006188,0.8891497463006188,1.0360947583779687
64,1.696341700633591,-1.4956820055361277,-0.9044484287254838,0.9839332601849403,0.9839332601849403,0.4403759844509956,0.4403759844509956,1.0163290951380581
65,1.725045973476017,-1.4745310133968101,-0.9238538612363804,0.9903273248866037,0.9903273248866037,0.02745708583480545,0.02745708583480545,1.0097671495780487
66,1.7540258651904885,-1.4526261139229681,-0.9428277776171218,0.9855170992424881,0.9855170992424881,-0.32767278281715506,0.32767278281715506,1.0146957376677117
67,1.7832884656710428,-1.4299668547752988,-0.9613441963249417,0.9712428453908531,0.9712428453908531,-0.610747855019707,0.610747855019707,1.0296086141026597
68,1.8128373772626545,-1.4065612911462315,-0.9793807638324962,0.949598094393947,0.949598094393947,-0.8156674326640613,0.8156674326640613,1.0530770921967998
69,1.8426729722565458,-1.3824246204496555,-0.996918832606582,0.9228048373642338,0.9228048373642338,-0.9438972031213203,0.9438972031213203,1.0836527503001125
70,1.8727928318306297,-1.357577579774551,-1.0139432418607157,0.8930063085153679,0.8930063085153679,-1.00312763057603,1.00312763057603,1.1198129178533018
71,1.903192295511984,-1.3320447892578,-1.0304418478788522,0.8620962320229413,0.8620962320229413,-1.005559698942719,1.005559698942719,1.159963311350361
72,1.9338650416017873,-1.3058532118961963,-1.0464048873137677,0.8315945556441161,0.8315945556441161,-0.9661142506803525,0.9661142506803525,1.202509075141124
73,1.9648036236931585,-1.27903086715813,-1.061824280446341,0.8025726498637646,0.8025726498637646,-0.9007567994783181,0.9007567994783181,1.2459931199620973
74,1.9959999038721736,-1.2516058892712498,-1.076692988692579,0.7756261559694168,0.7756261559694168,-0.8250424080492328,0.8250424080492328,1.2892809149146724
75,2.0274453454323242,-1.2236059690289525,-1.0910045316330805,0.7508905729157335,0.7508905729157335,-0.7529347770694338,0.7529347770694338,1.3317519703529719
76,2.059131152695695,-1.1950581673796326,-1.104752746168887,0.7280924432103639,0.7280924432103639,-0.695935260560674,0.695935260560674,1.3734519693553189
77,2.091048269053866,-1.1659890455684006,-1.1179318384648225,0.7066270556927552,0.7066270556927552,-0.6625533516926198,0.6625533516926198,1.4151736647270476
78,2.123187263648928,-1.1364250243926513,-1.1305367432840296,0.685651852201905,0.685651852201905,-0.6581419420112785,0.6581419420112785,1.458466125029191
79,2.1555381500741246,-1.1063928670812944,-1.1425637703365426,0.664183560158006,0.664183560158006,-0.6850979076211597,0.6850979076211597,1.505607877078597
80,2.1880901857797217,-1.0759201778869072,-1.1540114880934027,0.6411869960515995,0.6411869960515995,-0.743391581731934,0.743391581731934,1.5596074252253318
81,2.220831698140542,-1.0450358214704225,-1.1648817760570802,0.6156448861840222,0.6156448861840222,-0.8313461369811679,0.8313461369811679,1.6243130129746424
82,2.25374997307036,-1.013770194319392,-1.1751809693850954,0.5866009855325223,0.5866009855325223,-0.9465516181770866,0.9465516181770866,1.7047363108198497
83,2.2868312264808135,-0.9821553145069013,-1.184921025937725,0.5531729258346135,0.5531729258346135,-1.0867776810672765,1.0867776810672765,1.8077529707210904
84,2.3200606605182723,-0.9502247343713655,-1.1941206639011424,0.514536010397903,0.514536010397903,-1.2507477607867037,1.2507477607867037,1.943498569180175
85,2.3534225884566795,-0.9180133162760282,-1.2028064442376962,0.4698839289555621,0.4698839289555621,-1.438653922910709,1.438653922910709,2.128185150368427
86,2.3869005970027786,-0.8855569399390315,-1.2110138001629571,0.41837647356736535,0.41837647356736535,-1.6523221628603668,1.6523221628603668,2.390191760720465
87,2.4204777039821095,-0.8528922290369305,-1.2187880380538108,0.35908727543973235,0.35908727543973235,-1.8949792656974047,1.8949792656974047,2.7848383064407294
88,2.4541364627109172,-0.8200563961960703,-1.2261853430232703,0.2909659021392274,0.2909659021392274,-2.1706233741604097,2.1706233741604097,3.4368288264976807
89,2.4878589602528542,-0.7870873129241699,-1.2332738117349495,0.2128279455981603,0.2128279455981603,-2.4830606081831523,2.4830606081831523,4.69863108056353
90,2.521626653226524,-0.7540239189027937,-1.2401345015363643,0.12338366863114832,0.12338366863114832,-2.8347360218545683,2.8347360218545683,8.10480034427789
91,2.555419980965562,-0.7209070954615159,-1.2468624287682308,0.021310286510584614,0.021310286510584614,-3.225548177893138,3.225548177893138,46.92569475794282
92,2.589217693559063,-0.6877811375060651,-1.2535673736663333,-0.09463448835537526,0.09463448835537526,-3.651870843781742,3.651870843781742,10.566972119559198
93,2.6229958379542393,-0.654695954692928,-1.26037426113438,-0.22546801536992875,0.22546801536992875,-4.105978501523556,4.105978501523556,4.435218886187848
94,2.656726370495053,-0.6217100942246553,-1.2674227953546637,-0.37182366452084614,0.37182366452084614,-4.575942557241366,4.575942557241366,2.6894468949109487
95,2.690375425127116,-0.5888945736356437,-1.2748659456355411,-0.5337931358036485,0.5337931358036485,-5.045798514954768,5.045798514954768,1.8733848993664128
96,2.723901379923587,-0.5563373095045583,-1.2828668329184456,-0.7107752273374152,0.7107752273374152,-5.495386162977112,5.495386162977112,1.4069145371681415
97,2.7572530396615775,-0.524147606315134,-1.2915935857999852,-0.9013114533292436,0.9013114533292436,-5.898825185802389,5.898825185802389,1.1094943887667499
98,2.790368475157163,-0.4924597437870162,-1.3012118723657609,-1.1028530027283578,1.1028530027283578,-6.220338492805912,6.220338492805912,0.90673915519665
99,2.8231752743651723,-0.46143425354413503,-1.3118751284099308,-1.3113700673877993,1.3113700673877993,-6.4065016518872735,6.4065016518872735,0.7625612516777687
100,2.855593050932124,-0.4312551833713404,-1.3237130319849029,-1.5207143551742919,1.5207143551742919,-6.375612620036238,6.375612620036238,0.657585690959949
101,2.887538861121175,-0.4021217700559348,-1.3368194814365508,-1.721727363380165,1.721727363380165,-6.008375694323723,6.008375694323723,0.5808120503101951
102,2.9189355598793,-0.37423373693379547,-1.3512420436737855,-1.9012999463499853,1.9012999463499853,-5.149277484506024,5.149277484506024,0.5259559397346784
103,2.949722098491086,-0.3477709703568088,-1.3669752234155577,-2.0419261074827415,2.0419261074827415,-3.632087514841079,3.632087514841079,0.4897336864127695
104,2.9798636425179583,-0.32287028870874734,-1.383959590633261,-2.1225960746050627,2.1225960746050627,-1.3390112038188404,1.3390112038188404,0.47112119539091457
105,3.0093587656459175,-0.2996036434651842,-1.4020876216196547,-2.1217802729614763,2.1217802729614763,1.7160808410440935,1.7160808410440935,0.47130233641217206
106,3.0382414310750954,-0.27796250127364536,-1.4212153325893295,-2.022415070119637,2.022415070119637,5.3196527772914655,5.3196527772914655,0.49445834080975504
107,3.0665770782698063,-0.2578519113647104,-1.441177122976411,-1.8173987172998751,1.8173987172998751,9.05941783045206,9.05941783045206,0.5502369900897194
108,3.0944541946375983,-0.23909528156334658,-1.4618004703157252,-1.5131601576025122,1.5131601576025122,12.418278503492003,12.418278503492003,0.660868576915496
109,3.121974168719886,-0.22144825871685928,-1.4829175619276245,-1.129462219807649,1.129462219807649,14.923250519752465,14.923250519752465,0.8853771135171774
110,3.149242278614267,-0.20461840235334858,-1.50437229921326,-0.695543854921448,0.695543854921448,16.272513864684704,16.272513864684704,1.4377238658990612
111,3.1763615380706502,-0.18828697455663548,-1.5260226733343552,-0.2444429979836069,0.2444429979836069,16.386062167417982,16.386062167417982,4.090933298351475
112,3.2034296134468594,-0.17212984336493364,-1.5477396670541652,0.19237318233210557,0.19237318233210557,15.381250099360011,15.381250099360011,5.198229752594304
113,3.2305379210936964,-0.15583558108589765,-1.5694043239925417,0.5888574987725856,0.5888574987725856,13.509840494066447,13.509840494066447,1.698203728549606
114,3.2577716375351273,-0.13911981323181005,-1.5909045197186393,0.926525259889319,0.926525259889319,11.090196110711558,11.090196110711558,1.0793013890624614
115,3.285209585488818,-0.12173552377657865,-1.6121325075659638,1.1951769786134863,1.1951769786134863,8.448871528041817,8.448871528041817,0.8366961695999957
116,3.3129234884444543,-0.10347938604992932,-1.6329837390005828,1.3924961627559378,1.3924961627559378,5.873802534254601,5.873802534254601,0.7181348335070921
117,3.3409766210051095,-0.08419440456055768,-1.653356950220719,1.522741533156946,1.522741533156946,3.5807348524873364,3.5807348524873364,0.6567102677805084
118,3.36942223125141,-0.0637693347033759,-1.6731551638677553,1.594803180246523,1.594803180246523,1.696811362869339,1.696811362869339,0.627036622691849
119,3.3983022071773723,-0.04213552892592137,-1.6922871124634296,1.620012239157187,1.620012239157187,0.26329018302342877,0.26329018302342877,0.61727928705048
120,3.4276463416776206,-0.019262005817728522,-1.7106686295441178,1.6101330169370163,1.6101330169370163,-0.7461975649344803,0.7461975649344803,0.6210667003787781
121,3.4574723265364744,0.004850404147317522,-1.7282237159431681,1.5758596401745424,1.5758596401745424,-1.3998834214806792,1.3998834214806792,0.6345742821925688
122,3.4877863920032723,0.030175051093285055,-1.7448851931342038,1.525943957519123,1.525943957519123,-1.7829453382305198,1.7829453382305198,0.6553320618837132
123,3.518584382249244,0.05666499712636436,-1.7605950296182509,1.4669001853317767,1.4669001853317767,-1.9787628842804152,1.9787628842804152,0.6817096418689351
124,3.549853037482774,0.08425774269518094,-1.7753045228823954,1.4031287830924948,1.4031287830924948,-2.0578700564973977,2.0578700564973977,0.7126929559494893
125,3.58157131347711,0.11287906447416657,-1.788974525504071,1.337281265607291,1.337281265607291,-2.0734902465272254,2.0734902465272254,0.7477858440990545
126,3.613711661461419,0.14244608917776658,-1.8015758357029816,1.2707185491161257,1.2707185491161257,-2.0614966112529447,2.0614966112529447,0.7869563253763554
127,3.6462412723758275,0.17286984738158828,-1.8130897630519889,1.2039643644877174,1.2039643644877174,-2.0427206578224673,2.0427206578224673,0.8305893675063186
128,3.6791233330246667,0.20405757398813823,-1.8235087659615306,1.1371007763511805,1.1371007763511805,-2.0260923802320145,2.0260923802320145,0.8794295288486915
129,3.712318341020676,0.23591496194652867,-1.832836969878883,1.0700861191983224,1.0700861191983224,-2.011713610865275,2.011713610865275,0.9345042254628732
130,3.7457854899372665,0.2683484638693619,-1.8410903334130322,1.002995607960467,1.002995607960467,-1.9934620531681293,1.9934620531681293,0.9970133389052837
131,3.779484084503288,0.30126761008274566,-1.8482962399005571,0.9361937582929106,0.9361937582929106,-1.961057790389502,1.961057790389502,1.0681549531193586
132,3.8133748987432337,0.33458720697615957,-1.8544923477681547,0.8704488712737043,0.8704488712737043,-1.901711873614343,1.901711873614343,1.148832554101342
133,3.847421363890988,0.3682292213332505,-1.8597246186952514,0.8069966274202666,0.8069966274202666,-1.801545951781002,1.801545951781002,1.2391625516412739
134,3.8815904749518992,0.4021241537637242,-1.8640445383966462,0.7475553761065746,0.7475553761065746,-1.6469534795712917,1.6469534795712917,1.3376935434645791
135,3.9158533321506432,0.4362117498386681,-1.8675056332021946,0.6942923591811153,0.6942923591811153,-1.4259989316143118,1.4259989316143118,1.440315433082761
136,3.950185275511495,0.4704409707185782,-1.8701594555186012,0.6497392637942943,0.6497392637942943,-1.1298531971959624,1.1298531971959624,1.5390789132247937
137,3.984565613370088,0.5047692201139753,-1.8720512601381198,0.6166575685586975,0.6166575685586975,-0.7541676951682202,0.7541676951682202,1.6216455468750377
138,4.018976976073775,0.5391608780591928,-1.8732156255892822,0.5978587855345371,0.5978587855345371,-0.3002152627170885,0.3002152627170885,1.6726357865694224
139,4.053404337181611,0.5735852101977428,-1.8736722979708955,0.595991133004512,0.595991133004512,0.22441667845074048,0.22441667845074048,1.6778773116284422
140,4.0878337363034225,0.6080137035243827,-1.8734225558108846,0.6133113909541535,0.6133113909541535,0.805797130620867,0.805797130620867,1.6304931145078836
141,4.12225071852225,0.6424168402570507,-1.872446416474315,0.6514673495424282,0.6514673495424282,1.4244503815309362,1.4244503815309362,1.534996344333098
142,4.156638490522408,0.6767602890256794,-1.8707010254546868,0.7113203493525284,0.7113203493525284,2.0570172971267344,2.0570172971267344,1.405836344918628
143,4.190975803389037,0.7110005046695462,-1.8681205821667488,0.7928360378599111,0.7928360378599111,2.67859089053633,2.67859089053633,1.261294835561818
144,4.22523462734316,0.7450798233653411,-1.8646181464499851,0.8950613365665793,0.8950613365665793,3.265235397947866,3.265235397947866,1.1172418684019594
145,4.259377798345936,0.7789213445868137,-1.8600896182628803,1.0161846530834293,1.0161846530834293,3.7959423196878834,3.7959423196878834,0.9840731179768166
146,4.293356986865162,0.8124242005263245,-1.854420059521538,1.1536498839931408,1.1536498839931408,4.2527844825555094,4.2527844825555094,0.8668141122146081
147,4.327111530267428,0.8454601695919752,-1.8474922930568836,1.3042416171447258,1.3042416171447258,4.618806533638428,4.618806533638428,0.7667290990063803
148,4.360568813625759,0.8778728835341072,-1.8391973678236333,1.4640883085727605,1.4640883085727605,4.873670812178938,4.873670812178938,0.683018909545717
149,4.39364686326233,0.9094809180639669,-1.8294459822339544,1.6285129275405845,1.6285129275405845,4.986584773248544,4.986584773248544,0.6140571456870297
150,4.4262595243095655,0.9400856674380009,-1.818179439892381,1.7916606062125038,1.7916606062125038,4.910292194210194,4.910292194210194,0.5581414228412146
151,4.458324012948682,0.9694840525265789,-1.8053784092357605,1.9460966307892473,1.9460966307892473,4.580139008890953,4.580139008890953,0.5138490988468779
152,4.489769834268565,0.9974848463385286,-1.7910677410339373,2.082546654322474,2.082546654322474,3.921836321211637,3.921836321211637,0.4801813193113483
153,4.520547357068881,1.0239261834652549,-1.775316182359484,2.1901264017870914,2.1901264017870914,2.871551933175152,2.871551933175152,0.45659465096810103
154,4.550634084801764,1.0486911388751639,-1.758230862075162,2.2573215106023374,2.2573215106023374,1.4048745641727394,1.4048745641727394,0.4430029108849287
155,4.580037098602806,1.0717185209423887,-1.7399476212324037,2.2737020264973133,2.2737020264973133,-0.4365814246658639,0.4365814246658639,0.439811368572566
156,4.6087911849133745,1.093007210765651,-1.720619166426999,2.231931200981175,2.231931200981175,-2.5368146906009645,2.5368146906009645,0.44804248426671567
157,4.6369533754030865,1.1126140350313576,-1.7004032960427562,2.129315979376051,2.129315979376051,-4.725466875454202,4.725466875454202,0.4696343847910388
158,4.664595499274027,1.130646625647536,-1.6794530528994,1.9682297619624793,1.9682297619624793,-6.820774113950377,6.820774113950377,0.5080707645650687
159,4.691796566227591,1.1472535053002493,-1.6579098499896054,1.755242963073827,1.755242963073827,-8.675359084773417,8.675359084773417,0.5697216972451347
160,4.718636410904676,1.1626136312517,-1.635899766095045,1.4994054482980939,1.4994054482980939,-10.203317403054694,10.203317403054694,0.6669310166473345
161,4.745191343321906,1.1769270481719651,-1.6135325907760567,1.2104391047151748,1.2104391047151748,-11.379512235721723,11.379512235721723,0.8261464753613585
162,4.771531900003996,1.190407492253326,-1.5909029077537142,0.8974805828778889,0.8974805828778889,-12.217566446605977,12.217566446605977,1.1142302341443078
163,4.797722369791675,1.2032770456466948,-1.5680924868204098,0.5686377983123609,0.5686377983123609,-12.741037627794727,12.741037627794727,1.7585886885603859
164,4.823821597498375,1.2157624194595444,-1.5451733871949975,0.23125557955601148,0.23125557955601148,-12.960731386954683,12.960731386954683,4.324219990366952
165,4.84988456546462,1.2280921791663577,-1.5222113462408098,-0.10742240835845548,0.10742240835845548,-12.864865417145637,12.864865417145637,9.309044688917435
166,4.875964316001789,1.240494179839771,-1.4992691630975776,-0.43955347647452475,0.43955347647452475,-12.4229317219411,12.4229317219411,2.2750360388924307
167,4.902113836511913,1.2531925867585583,-1.4764098567950166,-0.7562630764657313,0.7562630764657313,-11.600510865926429,11.600510865926429,1.3222911855928923
168,4.928387559411371,1.2664040604139186,-1.453699386107441,-1.0476898812744917,1.0476898812744917,-10.380270090721059,10.380270090721059,0.9544809183262531
169,4.954842145818084,1.2803329394509637,-1.431208688681136,-1.3035971684908674,1.3035971684908674,-8.78277730971011,8.78277730971011,0.7671081405904463
170,4.981536263830526,1.2951655297119422,-1.409014766030733,-1.514483116487528,1.514483116487528,-6.879634681527067,6.879634681527067,0.660291282955504
171,5.008529180753757,1.3110638760003572,-1.3872005470596553,-1.672944355982678,1.672944355982678,-4.792271865109532,4.792271865109532,0.5977485123302895
172,5.035878184521558,1.3281596238115472,-1.365853336144236,-1.7749043741111785,1.7749043741111785,-2.674042400658058,2.674042400658058,0.5634106347282914
173,5.063635111304051,1.346548729105755,-1.3450618044332923,-1.8202999508018811,1.8202999508018811,-0.6802926712804738,0.6802926712804738,0.5493600104529358
174,5.091842514404875,1.3662877985702604,-1.3249116995609156,-1.812976497583921,1.812976497583921,1.062914767325583,1.062914767325583,0.5515791304149054
175,5.120530168188133,1.3873927067572098,-1.3054806849191496,-1.7598253546519615,1.7598253546519615,2.479976487954853,2.479976487954853,0.5682382046358053
176,5.14971258296316,1.4098398413517998,-1.2868329107733154,-1.6694600882030397,1.6694600882030397,3.5506813281125953,3.5506813281125953,0.5989960509186968
177,5.179387999044888,1.4335699248295537,-1.2690140034621886,-1.5508399536156734,1.5508399536156734,4.3005013069621345,4.3005013069621345,0.644811863189732
178,5.209538994305911,1.4584939443046658,-1.2520471013161143,-1.412176528032684,1.412176528032684,4.783124059270239,4.783124059270239,0.7081267675459166
179,5.240134491501037,1.4845003987458356,-1.2359303778272555,-1.2602819440323882,1.2602819440323882,5.062735357137745,5.062735357137745,0.7934732420274211
180,5.2711326968165055,1.5114629232299264,-1.2206362284156422,-1.100343912555272,1.100343912555272,5.200823373499897,5.200823373499897,0.9088067726732376
181,5.302484397706584,1.5392473951706673,-1.2061120324766201,-0.9360110945030546,0.9360110945030546,5.24884723976966,5.24884723976966,1.0683634049561328
182,5.334136092104208,1.5677178289303235,-1.1922822038523155,-0.7696487151032979,0.7696487151032979,5.2458098080828774,5.2458098080828774,1.2992940550362455
183,5.366032563758481,1.5967406474939074,-1.1790511454435126,-0.6026495017423302,0.6026495017423302,5.218958324314297,5.218958324314297,1.6593392960732283
184,5.398118697216036,1.6261872044855266,-1.1663067254255064,-0.43572616554360666,0.43572616554360666,5.186005195398061,5.186005195398061,2.2950193930915583
185,5.430340490355123,1.655934661376232,-1.1539239647626442,-0.2691482603068682,0.2691482603068682,5.157789065984292,5.157789065984292,3.715424349612568
186,5.462645345458974,1.6858654803875268,-1.1417687298165857,-0.10291132477157032,0.10291132477157032,5.140791889951645,5.140791889951645,9.717103557064053
187,5.494981796368149,1.7158658772850899,-1.1297013256470785,0.06315924140078061,0.06315924140078061,5.139252246261486,5.139252246261486,15.832995739363657
188,5.527298867219699,1.7458236080459946,-1.1175799628490597,0.22935943216595264,0.22935943216595264,5.156778697840424,5.156778697840424,4.359968938519396
189,5.559545269686389,1.7756254593188627,-1.105264114004842,0.3960987852668665,0.3960987852668665,5.197429148022378,5.197429148022378,2.5246227385581674
190,5.591668640488179,1.8051547892991486,-1.0926177855817496,0.5639167680031466,0.5639167680031466,5.266237733517731,5.266237733517731,1.7733113408580539
191,5.6236150048343285,1.8342894301328907,-1.0795127141044252,0.7335052420794355,0.7335052420794355,5.3691712711252935,5.3691712711252935,1.3633167735312577
192,5.6553286258442625,1.8629002162819934,-1.0658314614756614,0.9057181324972885,0.9057181324972885,5.51249235887001,5.51249235887001,1.1040962570140371
193,5.6867523640897915,1.8908503438942432,-1.0514703441172362,1.0815494525344065,1.0815494525344065,5.70149486661909,5.70149486661909,0.9245994232225713
194,5.717828624269112,1.917995693451096,-1.0363420942459163,1.2620615526802679,1.2620615526802679,5.938562263015258,5.938562263015258,0.7923543807164382
195,5.748500908224497,1.9441861642662444,-1.0203781272727395,1.4482470265289051,1.4482470265289051,6.22050025464892,6.22050025464892,0.6904899383061439
196,5.778715927742647,1.9692679807665079,-1.0035302821425969,1.640811039442281,1.640811039442281,6.535161258482041,6.535161258482041,0.609454700121901
197,5.808426161296577,1.993086845053607,-0.9857719127945465,1.8398682188102866,1.8398682188102866,6.857587921749159,6.857587921749159,0.5435171876856646
198,5.837592671470265,2.015491735924977,-0.967098236649934,2.0445634861007114,2.0445634861007114,7.146344151056901,7.146344151056901,0.4891019558933578
199,5.866187939947238,2.036339096799624,-0.9475258856457133,2.252653767825087,2.252653767825087,7.341406834616606,7.341406834616606,0.4439208609343855
200,5.894198431063063,2.0554971161132487,-0.9270916519060192,2.4601293964539406,2.4601293964539406,7.365807475642414,7.365807475642414,0.40648268397646553
201,5.921626571493,2.0728497837986146,-0.9058504699321827,2.6610040545042444,2.6610040545042444,7.133647268466051,7.133647268466051,0.3757979993706939
202,5.948491844252374,2.088300406507529,-0.8838727280476676,2.847439455147575,2.847439455147575,6.5663053810933745,6.5663053810933745,0.35119271744029856
203,5.974830753221942,2.1017742840424924,-0.8612410522396333,3.010358959287665,3.010358959287665,5.615803540375727,5.615803540375727,0.33218629855245835
204,6.000695529628592,2.1132202934786335,-0.8380467527987403,3.140605096304002,3.140605096304002,4.289584140847912,4.289584140847912,0.3184099781207267
205,6.0261516212905075,2.1226111984819744,-0.8143861630783195,3.230504141049136,3.230504141049136,2.666603219180608,2.666603219180608,0.30954920852546586
206,6.051274204679086,2.1299425983216804,-0.7903571228871998,3.27547835401554,3.27547835401554,0.8943734515220586,0.8943734515220586,0.3052989187896968
207,6.076144142856626,2.135230547089502,-0.7660558590767818,3.2752161251125163,3.2752161251125163,-0.8371027194519727,0.8371027194519727,0.30532336242868435
208,6.100843924044373,2.138507996487015,-0.7415744882783707,3.233983407132388,3.233983407132388,-2.337808052876225,2.337808052876225,0.3092161814419178
209,6.12545411516798,2.1398203303854304,-0.7169993120454407,3.159938874755929,3.159938874755929,-3.461283527160592,3.461283527160592,0.3164618176600771
210,6.150050746911099,2.139220351216219,-0.6924099989581842,3.063664641719878,3.063664641719878,-4.1337036658389055,4.1337036658389055,0.3264064827404284
211,6.174703846755666,2.1367631344876243,-0.6678796622728704,2.9563550787503337,2.9563550787503337,-4.361061175328677,4.361061175328677,0.33825436165898753
212,6.199477113678742,2.132501184124612,-0.6434757582174697,2.848113232571958,2.848113232571958,-4.217327613680967,4.217327613680967,0.3511096358682905
213,6.224428537699426,2.126480308767235,-0.619261658593678,2.74664976655146,2.74664976655146,-3.821843942773627,3.821843942773627,0.36407991007005747
214,6.249611638015842,2.1187366112916663,-0.5952986936069836,2.6565069044103744,2.6565069044103744,-3.3144417166753546,3.3144417166753546,0.3764341806677725
215,6.275076927340462,2.1092949377732335,-0.571648413237442,2.578778631042783,2.578778631042783,-2.8200395899407193,2.8200395899407193,0.3877804740438806
216,6.300873192015003,2.0981690785052796,-0.5483747687718955,2.511947292690856,2.511947292690856,-2.45311160868334,2.45311160868334,0.3980975249400145
217,6.32704830475726,2.085363468895992,-0.5255459954889445,2.451287041782373,2.451287041782373,-2.255072827475248,2.255072827475248,0.4079489602624762
218,6.353649112789296,2.0708771768080947,-0.5032356765871145,2.392933747807762,2.392933747807762,-2.2378719019507014,2.2378719019507014,0.4178970692005701
219,6.380720771582164,2.0547077894366157,-0.48152333857785146,2.3311749363665406,2.3311749363665406,-2.403372479668711,2.403372479668711,0.42896823588822497
220,6.40830495785494,2.036857256573251,-0.4604936973820265,2.261575393923958,2.261575393923958,-2.6892759903016157,2.6892759903016157,0.4421696498319894
221,6.4364374705809855,2.017337616274593,-0.44023482488397847,2.181337355490146,2.181337355490146,-3.042846841223578,3.042846841223578,0.4584343625176218
222,6.465145551166504,1.9961760770184434,-0.4208352592389679,2.088618174112588,2.088618174112588,-3.377224927708981,3.377224927708981,0.47878545365281033
223,6.494445124554202,1.9734194825609213,-0.4023798424353031,1.9854324604938802,1.9854324604938802,-3.6265857374436687,3.6265857374436687,0.5036686061591076
224,6.524339296662863,1.949135286828434,-0.38494598561334703,1.8739469809496228,1.8739469809496228,-3.7825013436249364,3.7825013436249364,0.533633027063151
225,6.554817639751915,1.9234112242028205,-0.36859967105967717,1.7570733406405132,1.7570733406405132,-3.835285971478988,3.835285971478988,0.5691282070419814
226,6.585856704018814,1.8963529005964515,-0.3533920863014832,1.638010131515586,1.638010131515586,-3.791264613804731,3.791264613804731,0.6104968343967077
227,6.617421710274435,1.8680796444567744,-0.3393573933166821,1.519724743388349,1.519724743388349,-3.6679731064665995,3.6679731064665995,0.658013896497085
228,6.649469103727868,1.8387193447709334,-0.32651184040850645,1.4046815601449711,1.4046815601449711,-3.4866151795327576,3.4866151795327576,0.7119051238180946
229,6.681949547233121,1.8084030276792884,-0.3148542193691698,1.2947410075457786,1.2947410075457786,-3.267641816919451,3.267641816919451,0.7723552387481191
230,6.714810927543075,1.7772598355628246,-0.3043674705559083,1.1911678842526177,1.1911678842526177,-3.028618401450699,3.028618401450699,0.8395122242801539
231,6.748001029618158,1.745412885680158,-0.29502109912495467,1.09469627255136,1.09469627255136,-2.783667460161655,2.783667460161655,0.9134953914379779
232,6.7814696634085845,1.712976255774894,-0.2867740094451569,1.0056121302882877,1.0056121302882877,-2.5437927050352847,2.5437927050352847,0.994419189944856
233,6.815170162046627,1.680053130226573,-0.2795773843623698,0.923831923476271,0.923831923476271,-2.3175150080765072,2.3175150080765072,1.0824479806208878
234,6.849060279599758,1.646734980133699,-0.27337730838269425,0.8489698628601043,0.8489698628601043,-2.1114629661333733,2.1114629661333733,1.1778981136398512
235,6.883102586787157,1.61310155753939,-0.2681169316629304,0.7803951244370005,0.7803951244370005,-1.9307547560353868,1.9307547560353868,1.2814021624256413
236,6.917264494661513,1.5792214522122825,-0.26373807192093035,0.7172842502479607,0.7172842502479607,-1.7791440825228337,1.7791440825228337,1.3941474382775116
237,6.951518037566415,1.5451529733239333,-0.26018223899852694,0.6586741800299513,0.6586741800299513,-1.6589808711279146,1.6589808711279146,1.5182013054687038
238,6.985839528544854,1.5109451601941553,-0.25739113458248547,0.6035195807985501,0.6035195807985501,-1.5710708786162673,1.5710708786162673,1.6569470681909688
239,7.0202091725775135,1.4766387807433503,-0.25530672581519603,0.5507555381949154,0.5507555381949154,-1.514522698064133,1.514522698064133,1.815687597581805
240,7.054610692836303,1.44226723236368,-0.25387101759278174,0.49936409150685174,0.49936409150685174,-1.486657586423837,1.486657586423837,2.0025468731291007
241,7.089030997272234,1.4078573104968728,-0.25302565697009993,0.44844105040097765,0.44844105040097765,-1.4830354595271737,1.4830354595271737,2.229947501696914
242,7.123459890086638,1.3734298510463228,-0.25271149744626487,0.39725829062462514,0.39725829062462514,-1.4976249846217795,1.4976249846217795,2.5172539468658033
243,7.157889816407971,1.3390002814871897,-0.2528682343764823,0.34531636245174524,0.34531636245174524,-1.5231132157660132,1.5231132157660132,2.895895210119795
244,7.192315619347699,1.3045791311259232,-0.2534341989089737,0.2923832194058959,0.2923832194058959,-1.5513913533353432,1.5513913533353432,3.4201689208838193
245,7.226734286316949,1.2701725535838573,-0.25434637092234397,0.23851164711000147,0.23851164711000147,-1.574021222416102,1.574021222416102,4.192667369148645
246,7.2611446653371745,1.235782905338338,-0.2555406396797894,0.18404484029980736,0.18404484029980736,-1.5828559093375585,1.5828559093375585,5.43345848963225
247,7.295547140093404,1.2014094066287684,-0.2569523251321024,0.12959081487155766,0.12959081487155766,-1.5706726880353725,1.5706726880353725,7.716596280308429
248,7.329943263664764,1.1670488871065687,-0.2585169384711536,0.07598476093154687,0.07598476093154687,-1.531621565957932,1.531621565957932,13.160533608849276
249,7.364335362281226,1.1326965942221205,-0.2601711515244121,0.024233290284784298,0.024233290284784298,-1.4616822425962754,1.4616822425962754,41.26554785785256
250,7.398726130546794,1.098347020675404,-0.261853928709507,-0.024553934184779785,0.024553934184779785,-1.3589611087921178,1.3589611087921178,40.726671028542086
251,7.433118246616707,1.063994692117756,-0.2635077637780096,-0.0692399744776809,0.0692399744776809,-1.223834323724693,1.223834323724693,14.442524098883718
252,7.467514038499519,1.0296348504997794,-0.2650799543622785,-0.10873893699453983,0.10873893699453983,-1.0589398823700558,1.0589398823700558,9.196337831132317
253,7.501915230320793,0.9952639733708246,-0.266523839437493,-0.14209184430870095,0.14209184430870095,-0.8690243329649792,0.8690243329649792,7.037701599730488
254,7.536322790034131,0.9608800849100572,-0.26779991927215696,-0.16853541639905978,0.16853541639905978,-0.6606614764438915,0.6606614764438915,5.933470966317195
255,7.570736888506498,0.9264828386052988,-0.26887677595507786,-0.1875596626169857,0.1875596626169857,-0.44186502807560285,0.44186502807560285,5.331636803176028
256,7.6051569657993445,0.8920733806559957,-0.2697317171698292,-0.19895083140611683,0.19895083140611683,-0.22161803083018483,0.22161803083018483,5.0263675347941
257,7.639581886191265,0.8576540323759811,-0.2703510781058974,-0.20281695543639244,0.20281695543639244,-0.009341616265393711,0.009341616265393711,4.930554242116215
258,7.674010151747513,0.8232278536183557,-0.27073013662323864,-0.19959403144789442,0.19959403144789442,0.18566674515223364,0.18566674515223364,5.010169857013273
259,7.708440137464911,0.7887981627406853,-0.27087262370419873,-0.19003226804554002,0.19003226804554002,0.3547937632233798,0.3547937632233798,5.2622641948385125
260,7.742870310689792,0.7543680890348772,-0.270789841411952,-0.17516287652060356,0.17516287652060356,0.49080971350132613,0.49080971350132613,5.708972242656536
261,7.77729940365539,0.719940220906913,-0.2704994303286814,-0.15623547133467974,0.15623547133467974,0.5886628371042215,0.5886628371042215,6.400595149470574
262,7.811726519347114,0.6855163899866494,-0.27002386789909194,-0.1346297853801444,0.1346297853801444,0.6446273788935905,0.6446273788935905,7.427776826475451
263,7.846151165217456,0.6510976022987789,-0.26938881089716804,-0.11185174074671933,0.11185174074671933,0.6585287638056283,0.6585287638056283,8.940406231713748
264,7.880573220502761,0.6166841048404685,-0.268621293632536,-0.0892922523760207,0.0892922523760207,0.63173382514476,0.63173382514476,11.199179922003497
265,7.914992857242288,0.582275546664812,-0.2677480711217123,-0.06836211531443467,0.06836211531443467,0.567735182409497,0.567735182409497,14.62798503821092
266,7.949410432296031,0.5478711992585403,-0.26679394737258927,-0.05021094538200743,0.05021094538200743,0.4735969354285866,0.4735969354285866,19.915976335278074
267,7.983826377158757,0.5134701815260343,-0.2657804190000206,-0.035762771227232114,0.035762771227232114,0.3568764762948187,0.3568764762948187,27.96203889363402
268,8.018241101104723,0.4790716576295268,-0.2647245885125044,-0.025646898836546153,0.025646898836546153,0.22632700147484436,0.22632700147484436,38.99106891531956
269,8.052654918863576,0.44467498476345296,-0.263638426239211,-0.020185013767294157,0.020185013767294157,0.09070943376303,0.09070943376303,49.54170512483391
270,8.087068005444113,0.41027980548110804,-0.26252839464738587,-0.019403649316257796,0.019403649316257796,-0.041873293619090035,0.041873293619090035,51.53669723159379
271,8.121480374228987,0.3758860924772373,-0.2613954201580031,-0.023066962268277594,0.023066962268277594,-0.16455327185447463,0.16455327185447463,43.3520455953245
272,8.155891870679724,0.34149416147797546,-0.2602351744421824,-0.030728841522449094,0.030728841522449094,-0.27220293927312283,0.27220293927312283,32.54271721468724
273,8.19030217296072,0.30710467000501124,-0.25903860463624906,-0.041800458169118655,0.041800458169118655,-0.3617966763995923,0.3617966763995923,23.923182754460335
274,8.224710792009306,0.27271861729608055,-0.2577926335573925,-0.055627298532896996,0.055627298532896996,-0.43258661726495967,0.43258661726495967,17.97678525425098
275,8.259117066016907,0.23833735568660047,-0.2564809395280645,-0.07156885997374426,0.07156885997374426,-0.48607615675147736,0.48607615675147736,13.972557343610891
276,8.293520146748568,0.20396261873347837,-0.25508472205474336,-0.08907388523310598,0.08907388523310598,-0.525787967947204,0.525787967947204,11.226635027572943
277,8.327918976653498,0.16959656825702785,-0.2535833648426172,-0.10774407675824259,0.10774407675824259,-0.5568355337097195,0.5568355337097195,9.281252669172819
278,8.362312255845453,0.13524186223722945,-0.2519549214542947,-0.12737977601708736,0.12737977601708736,-0.5853227105651142,0.5853227105651142,7.850539789502024
279,8.396698396862872,0.10090174791801504,-0.2501763707484813,-0.1480022334262905,0.1480022334262905,-0.6176135707527554,0.6176135707527554,6.756654793983427
280,8.431075463212839,0.06658018841626262,-0.24822361776930213,-0.16984886605567107,0.16984886605567107,-0.659532271934245,0.659532271934245,5.887587142749789
281,8.46544108584947,0.03228203500168042,-0.24607124894561389,-0.19334025527249135,0.19334025527249135,-0.7155676608166812,0.7155676608166812,5.172228611111599
282,8.499792350724269,-0.0019867405803120075,-0.2436920855192019,-0.2190204485108282,0.2190204485108282,-0.788167266168015,0.788167266168015,4.565783728410915
283,8.534125651008315,-0.03621874010125703,-0.2410566126598196,-0.24747518122167694,0.24747518122167694,-0.8772074651534687,0.8772074651534687,4.040809244237893
284,8.568436499981106,-0.07040475008859742,-0.2381323899632487,-0.2792356086780352,0.2792356086780352,-0.979718109338427,0.979718109338427,3.581205150497199
285,8.602719305249433,-0.10453327032561574,-0.23488356810025413,-0.31467762646739905,0.31467762646739905,-1.0899188975044714,1.0899188975044714,3.177855417387296
286,8.636967112169955,-0.13858997376126894,-0.23127064269812042,-0.3539284179602131,0.3539284179602131,-1.199591597967414,1.199591597967414,2.825430084883478
287,8.671171334184553,-0.17255713137519868,-0.22725056716968167,-0.39679210524179215,0.39679210524179215,-1.2987705585830416,1.2987705585830416,2.5202114326106178
288,8.705321499793328,-0.20641305943666402,-0.22277731933352635,-0.44270508415542326,0.44270508415542326,-1.3766913169519273,1.3766913169519273,2.258840107761048
289,8.739405058595441,-0.24013167224690207,-0.21780297206273935,-0.4907288811615538,0.4907288811615538,-1.4229036735554306,1.4229036735554306,2.0377850955766106
290,8.7734072992344,-0.2736822452578809,-0.21227925781373547,-0.5395846182970836,0.5395846182970836,-1.4284406755072274,1.4284406755072274,1.853277439886957
291,8.807311435716295,-0.3070295028986496,-0.20615954553101923,-0.5877291123673164,0.5877291123673164,-1.386942026727505,1.386942026727505,1.7014641251512896
292,8.841098910323725,-0.34013413259378705,-0.19940107432108728,-0.6334689585737621,0.6334689585737621,-1.295652371684545,1.295652371684545,1.5786093169450204
293,8.87474993735715,-0.3729537833598678,-0.19196722309868253,-0.6751059669611419,0.6751059669611419,-1.156233566865016,1.156233566865016,1.4812489430382394
294,8.908244272051805,-0.40544453256129864,-0.18382955310246435,-0.7111046796630637,0.7111046796630637,-0.9753234898904567,0.9753234898904567,1.4062627185547718
295,8.941562138900768,-0.43756270698531397,-0.17496935428789584,-0.7402694765379277,0.7402694765379277,-0.764731049245174,0.764731049245174,1.3508594257820448
296,8.974685205005509,-0.4692668450571792,-0.16537846604440198,-0.7619141240335776,0.7619141240335776,-0.5410936189757295,0.5410936189757295,1.3124838724684542
297,9.007597452206827,-0.5005195142150435,-0.15505922739274663,-0.7760007631949003,0.7760007631949003,-0.32478708002360024,0.32478708002360024,1.2886585264205985
298,9.040285800120735,-0.5312886786598836,-0.14402353037320792,-0.7832203497688626,0.7832203497688626,-0.13793328524503173,0.13793328524503173,1.2767799001840434
299,9.072740366697145,-0.5615483635997369,-0.13229108139597312,-0.7849861394009859,0.7849861394009859,-0.001534484956354767,0.001534484956354767,1.2739078434723556
300,9.104954318244067,-0.5912784788028835,-0.11988709315528645,-0.7833195826370726,0.7833195826370726,0.06794745480422078,0.06794745480422078,1.2766181545384903
301,9.136923341554276,-0.6204638225217362,-0.1068397116777195,-0.7806250696176805,0.7806250696176805,0.06196126197839805,0.06196126197839805,1.2810247056115693
302,9.168644846576742,-0.649092449498694,-0.09317751572302352,-0.7793732371255091,0.7793732371255091,-0.017567924524312616,0.017567924524312616,1.283082292751299
303,9.200117061008706,-0.6771537159861717,-0.07892740679816387,-0.7817352521114665,0.7817352521114665,-0.15714401251341348,0.15714401251341348,1.2792054564496107
304,9.231338197831768,-0.7046363833944329,-0.06411314418906844,-0.7892251218996369,0.7892251218996369,-0.3324371631236631,0.3324371631236631,1.2670655966868305
305,9.262305861774777,-0.7315271598277748,-0.04875468225763968,-0.8024091206162017,0.8024091206162017,-0.5108135919479464,0.5108135919479464,1.2462470506716827
306,9.29301681652934,-0.7578099905763035,-0.032868350088728265,-0.8207313986629311,0.8207313986629311,-0.6552905715081454,0.6552905715081454,1.2184254210684746
307,9.32346717037106,-0.7834662898995215,-0.01646779052134209,-0.8424875494804457,0.8424875494804457,-0.7293973903419693,0.7293973903419693,1.1869611611669404
308,9.35365296364553,-0.8084761562664649,0.00043453771818235953,-0.8649592461298711,0.8649592461298711,-0.7024333170435308,0.7024333170435308,1.1561238341278486
309,9.383571067468052,-0.8328204507953585,0.017825577371570936,-0.8847065292855288,0.8847065292855288,-0.554667832704699,0.554667832704699,1.1303183224018702
310,9.413220239730302,-0.8564834631823635,0.03568993463985706,-0.8979992980559339,0.8979992980559339,-0.28198699457737414,0.28198699457737414,1.1135866165651642
311,9.442602143773918,-0.8794557619640433,0.054008498282061154,-0.9013525250796873,0.9013525250796873,0.10069899061190507,0.10069899061190507,1.1094438326575846
312,9.471722127668874,-0.9017367495664463,0.07275765969008392,-0.8921082169916289,0.8921082169916289,0.5581965427995036,0.5581965427995036,1.1209402412772345
313,9.500589593698663,-0.9233364381300657,0.09190926664448015,-0.868984131005935,0.868984131005935,1.036834718404106,1.036834718404106,1.150769000628816
314,9.529217854579835,-0.944276040158655,0.1114313154090108,-0.8324946511704637,0.8324946511704637,1.46979732510099,1.46979732510099,1.2012089189930872
315,9.55762346010037,-0.9645871210255557,0.13128927147217226,-0.7851559067285401,0.7851559067285401,1.7854985891004176,1.7854985891004176,1.2736323976299655
316,9.585825062931509,-0.9843092603030681,0.1514478335380472,-0.7314225605256363,0.7314225605256363,1.9174071549257456,1.9174071549257456,1.3671987356820807
317,9.613841954257383,-1.0034863738118545,0.171872928814128,-0.6773621637927306,0.6773621637927306,1.8129803329281882,1.8129803329281882,1.4763151139129687
318,9.641692427309094,-1.0221620151488229,0.1925337436542295,-0.6301361276565424,0.6301361276565424,1.4394296647392353,1.4394296647392353,1.5869586841798302
319,9.669392122072564,-1.040374073267379,0.21340463316751476,-0.5974016043583169,0.5974016043583169,0.7849325508954778,0.7849325508954778,1.6739158259779423
320,9.69695247988865,-1.0581493003173719,0.23446679417420815,-0.5867607136226533,0.5867607136226533,-0.1447538948850906,0.1447538948850906,1.7042722472437062
321,9.724379408091739,-1.0754980502460425,0.2557096109970754,-0.605361228178753,0.605361228178753,-1.333079329459476,1.333079329459476,1.651906256052323
322,9.751672234734645,-1.0924095069290085,0.2771315861399021,-0.6597064877209402,0.6597064877209402,-2.7609378637603657,2.7609378637603657,1.5158256264155552
323,9.778823028690052,-1.108847561221708,0.29874075048004367,-0.75567668172884,0.75567668172884,-4.414206760045964,4.414206760045964,1.3233172654106466
324,9.805816373728435,-1.12474739038683,0.3205544184173974,-0.8987099120841977,0.8987099120841977,-6.28853996400208,6.28853996400208,1.1127060985461934
325,9.832629717932107,-1.1400127284197732,0.34259812232859527,-1.0940421973581431,1.0940421973581431,-8.389352122836147,8.389352122836147,0.9140415263824073
326,9.859234473135638,-1.154513813391561,0.3649035372335185,-1.3468531577438825,1.3468531577438825,-10.724330556011154,10.724330556011154,0.7424714374023541
327,9.885598111124276,-1.168086071798377,0.38750520110444986,-1.6620927549717275,1.6620927549717275,-13.284366489739982,13.284366489739982,0.6016511395099668
328,9.911687581689714,-1.180529753663383,0.41043586302309887,-2.0436594753023436,2.0436594753023436,-16.006953241760968,16.006953241760968,0.48931830967194656
329,9.937474426696129,-1.1916109546993217,0.4337203720148297,-2.4924745126852197,2.4924745126852197,-18.716313452143822,18.716313452143822,0.4012077134231833
330,9.96294190857345,-1.2010647190522594,0.45736818317634775,-3.0029515230370007,3.0029515230370007,-21.043452219132288,21.043452219132288,0.3330057086598126
331,9.988094183386382,-1.2086011386290836,0.4813648351975631,-3.5576889439406627,3.5576889439406627,-22.358427029681714,22.358427029681714,0.2810813468398261
332,10.01296686489607,-1.2139154371683956,0.5056631585248506,-4.12143085863929,4.12143085863929,-21.80132439902105,21.80132439902105,0.2426341807733625
333,10.037637148032747,-1.2167027913791955,0.5301754722986931,-4.637791187885264,4.637791187885264,-18.538993425577704,18.538993425577704,0.2156198844424428
334,10.06223018941471,-1.2166779413230782,0.5547685011257745,-5.0347233080124445,5.0347233080124445,-12.28634150357093,12.28634150357093,0.1986206468205637
335,10.086917478778929,-1.2135984222547347,0.5792629661834247,-5.243266160841796,5.243266160841796,-3.8302140351826943,3.8302140351826943,0.19072081586631717
336,10.1119038275399,-1.2072886484734773,0.6034394915589659,-5.2249839739381345,5.2249839739381345,5.0111703078089205,5.0111703078089205,0.19138814683220698
337,10.137403288585018,-1.1976604380384537,0.6270513546241794,-4.990273169775839,4.990273169775839,12.278734456137668,12.278734456137668,0.20038983157407386
338,10.163609483288493,-1.184725629172395,0.6498429179851033,-4.590103957120685,4.590103957120685,16.923529058905277,16.923529058905277,0.21785998952130217
339,10.190668354551402,-1.168599953537919,0.6715718180804687,-4.088840278069213,4.088840278069213,18.562581857085256,18.562581857085256,0.24456812494329294
340,10.218659452879123,-1.1494998544897483,0.6920336802132819,-3.5682343903645397,3.5682343903645397,17.54913570648705,17.54913570648705,0.28025064796761784
341,10.247596303879938,-1.1277114059659192,0.7110758664524662,-3.0898039698107156,3.0898039698107156,15.243126818366854,15.243126818366854,0.32364512757787056
342,10.277441491724119,-1.1035505112778237,0.7285968939715702,-2.67221231760811,2.67221231760811,12.724158042973238,12.724158042973238,0.3742217612764757
343,10.308122511567941,-1.0773391393000822,0.7445433342546379,-2.3196589374467496,2.3196589374467496,10.368566022341046,10.368566022341046,0.43109785833459674
344,10.339547372391618,-1.0493864202698073,0.7589018640053452,-2.028263393531522,2.028263393531522,8.328736805057062,8.328736805057062,0.4930326126227839
345,10.371617139443265,-1.0199762745989753,0.7716890955418181,-1.7908288933381382,1.7908288933381382,6.629619114266915,6.629619114266915,0.5584006399047882
346,10.404234555991572,-0.9893611734452898,0.7829412706042371,-1.5994120046891767,1.5994120046891767,5.241996357355751,5.241996357355751,0.6252297701081317
347,10.437309033146713,-0.9577607665996035,0.7927052516710462,-1.4464722258368699,1.4464722258368699,4.1209901417939845,4.1209901417939845,0.6913371595651903
348,10.470758826820571,-0.9253638336767227,0.8010315614187078,-1.3252661404128427,1.3252661404128427,3.222769737546889,3.222769737546889,0.7545654186022462
349,10.504511327096402,-0.8923321222296756,0.8079696673381246,-1.2298947066020804,1.2298947066020804,2.510130991565202,2.510130991565202,0.8130777331034887
350,10.53850226662478,-0.8588049343046618,0.8135653478027878,-1.1552212326850655,1.1552212326850655,1.9532058094540254,1.9532058094540254,0.8656350590749732
351,10.57267445800018,-0.8249036591548797,0.8178597868366657,-1.0967580833302484,1.0967580833302484,1.5285217465539804,1.5285217465539804,0.911778098743118
352,10.606976475805483,-0.7907357450111081,0.8208899796653866,-1.0505569148742744,1.0505569148742744,1.2178204628714884,1.2178204628714884,0.9518760819538037
353,10.641361539696947,-0.7563978302044934,0.8226900423180884,-1.0131095497050002,1.0131095497050002,1.0070982506245552,1.0070982506245552,0.9870600867311758
354,10.675786736283799,-0.7219779156344177,0.8232930688781023,-0.9812582219215438,0.9812582219215438,0.8858973820297834,0.8858973820297834,1.0190997411891798
355,10.710212633591562,-0.6875565704844893,0.8227332443394393,-0.9521145458738749,0.9521145458738749,0.8467139766453735,0.8467139766453735,1.0502937953564975
356,10.744603283367528,-0.6532072372789088,0.8210479846131091,-0.9229902896812763,0.9229902896812763,0.8843585874306921,0.8843585874306921,1.0834350167923397
357,10.77892656506659,-0.6189957546189344,0.8182799310010267,-0.8913467904978103,0.8913467904978103,0.9951371517234764,0.9951371517234764,1.121897796301603
358,10.813154795145502,-0.5849792561173043,0.8144786727851651,-0.8547721335042041,0.8547721335042041,1.175778745699096,1.175778745699096,1.16990243458268
359,10.847265503141989,-0.5512046376919004,0.8097021101884954,-0.8109953196051085,0.8109953196051085,1.422111385969275,1.422111385969275,1.2330527388085568
360,10.881242261240418,-0.5177068137875891,0.8040174039907294,-0.7579441727288283,0.7579441727288283,1.72757610264695,1.72757610264695,1.3193583854595747
361,10.915075447681033,-0.48450700395586177,0.7975014902510735,-0.6938484798976388,0.6938484798976388,2.081768873303304,2.081768873303304,1.4412368535382925
362,10.94876282808563,-0.451611299908935,0.790241169749809,-0.6173819583626668,0.6173819583626668,2.469294722285565,2.469294722285565,1.6197428293046636
363,10.982309853404049,-0.4190097545969868,0.7823328101861843,-0.5278269166897893,0.5278269166897893,2.8692783359207805,2.8692783359207805,1.8945604484731362
364,11.015729597715122,-0.38667620545006576,0.7738817209438903,-0.4252356570381669,0.4252356570381669,3.2558615236963706,3.2558615236963706,2.351637223851727
365,11.049042290359676,-0.3545689929555824,0.7650012706701368,-0.310555342823466,0.310555342823466,3.599896844774363,3.599896844774363,3.220037983917238
366,11.082274430291665,-0.32263266562831083,0.7558118135966887,-0.18568112420982744,0.18568112420982744,3.8718133357768028,3.8718133357768028,5.38557704373848
367,11.115457501866713,-0.2908006779616855,0.7464394712882523,-0.0534080412120822,0.0534080412120822,4.045322575272532,4.045322575272532,18.72377225049354
368,11.148626338396673,-0.2589989950633009,0.7370147865942286,0.08273374755976391,0.08273374755976391,4.101333001139969,4.101333001139969,12.08696607484915
369,11.181817203493086,-0.22715042268366387,0.7276712346343305,0.21875519301396143,0.21875519301396143,4.031252947896225,4.031252947896225,4.571320050610995
370,11.215065683446541,-0.1951793912543229,0.7185435531894414,0.350567553148338,0.350567553148338,3.838881711561919,3.838881711561919,2.852517270977623
371,11.248404509208902,-0.1630168463950022,0.7097658535257934,0.4743759831485865,0.4743759831485865,3.5403526215357317,3.5403526215357317,2.1080325217197493
372,11.28186145293176,-0.1306048484713542,0.7014695004793041,0.5870481307528308,0.5870481307528308,3.1620553273499508,3.1620553273499508,1.703437840297012
373,11.315457464714184,-0.09790047540708308,0.6937808081224924,0.6864011383186231,0.6864011383186231,2.736987997708566,2.736987997708566,1.4568740408116954
374,11.349205218543885,-0.06487867065354885,0.6868186748740179,0.7713672089537116,0.7713672089537116,2.3003865870420435,2.3003865870420435,1.2963994170252682
375,11.383108210224128,-0.03153378938355711,0.680692359671483,0.8420240058930925,0.8420240058930925,1.885594618560713,1.885594618560713,1.1876145964975788
376,11.417160488520455,0.0021202364366229576,0.6754996529336474,0.8995033003243734,0.8995033003243734,1.5209366391813108,1.5209366391813108,1.1117246591973438
377,11.451347010052748,0.03605099473350892,0.6713256984686098,0.9458108967661994,0.9458108967661994,1.227946355811126,1.227946355811126,1.0572938030414718
378,11.485644507824556,0.07020964285318199,0.6682426622956795,0.9835980022601437,0.9835980022601437,1.0208645760983461,1.0208645760983461,1.0166755094074686
379,11.520022679471003,0.10453346493852567,0.6663103260914494,1.0159194549151365,1.0159194549151365,0.9070308969879407,0.9070308969879407,0.9843300028972609
380,11.554445458780398,0.1389484434151368,0.6655775288223076,1.046002590519243,1.046002590519243,0.8877163631983206,0.8877163631983206,0.9560205768740908
381,11.588872145774394,0.1733714014249404,0.6660842232448811,1.0770382527501274,1.0770382527501274,0.9590419127159827,0.9590419127159827,0.928472129422129
382,11.62325823413356,0.20771141046987512,0.667863788202466,1.1119969262132359,1.1119969262132359,1.1127964431673,1.1127964431673,0.8992830613348661
383,11.657555874686006,0.24187035135768825,0.6709451685567213,1.1534692619864364,1.1534692619864364,1.3371069924134018,1.3371069924134018,0.8669498468280458
384,11.691714028439595,0.2757427296612824,0.6753544151944167,1.203529647451047,1.203529647451047,1.6169657428693056,1.6169657428693056,0.8308893778544616
385,11.72567847067756,0.30921504503892955,0.6811152692799983,1.2636211660201044,1.2636211660201044,1.9345874897543838,1.9345874897543838,0.7913764242724705
386,11.75939189030423,0.3421651690021423,0.6882485710213286,1.334458392347695,1.334458392347695,2.2695086174486288,2.2695086174486288,0.7493676878457883
387,11.792794369517226,0.3744622742790315,0.696770460970645,1.4159412768045405,1.4159412768045405,2.598498201375922,2.598498201375922,0.706243978038958
388,11.82582451238938,0.4059678575887821,0.7066895616590763,1.507083441348646,1.507083441348646,2.8941687841019728,2.8941687841019728,0.6635332673452563
389,11.85842139992222,0.43653827681982155,0.7180035593993561,1.6058769795959813,1.6058769795959813,3.1252751146824904,3.1252751146824904,0.6227127063317064
390,11.890527407906909,0.4660290301725621,0.7306957308211697,1.7092977905574762,1.7092977905574762,3.2566403681397755,3.2566403681397755,0.5850355657886017
391,11.922091666833092,0.49430058415432193,0.744732171859254,1.8132281410681623,1.8132281410681623,3.2494467515679335,3.2494467515679335,0.5515025811428813
392,11.953073747441076,0.5212252451822814,0.7600603141905705,1.912538790379243,1.912538790379243,3.0667084584925925,3.0667084584925925,0.5228652119530119
393,11.983446976553834,0.5466942140409297,0.7766091713116334,2.0013869883621975,2.0013869883621975,2.6812684719474724,2.6812684719474724,0.4996534932098933
394,12.013200741784262,0.5706237664828933,0.794291452423376,2.073755404624592,2.073755404624592,2.0861836389678023,2.0861836389678023,0.4822169469793513
395,12.042341285229305,0.5929595709065434,0.8130073043414948,2.124251331549285,2.124251331549285,1.304988282063258,1.304988282063258,0.4707540888161608
396,12.070890774840258,0.6136784413486562,0.832649141441136,2.1490402217545097,2.1490402217545097,0.39670467275181703,0.39670467275181703,0.4653240036538658
397,12.098884803650614,0.6327872747818151,0.8531068571948278,2.1466824095208468,2.1466824095208468,-0.5486092324192564,0.5486092324192564,0.4658350930556171
398,12.126368784964333,0.6503194063581876,0.8742727162901153,2.1186044732041935,2.1186044732041935,-1.4248367882292625,1.4248367882292625,0.47200882120653337
399,12.153393888642023,0.6663290097650572,0.8960453786800178,2.0690158599323722,2.0690158599323722,-2.1316287328854338,2.1316287328854338,0.48332157300750994
400,12.180013161659405,0.6808843936020437,0.9183327405098061,2.0042545784832475,2.0042545784832475,-2.5959619323061776,2.5959619323061776,0.4989386132557903
401,12.206278325463657,0.6940610831997835,0.9410535169249954,1.9317298751319587,1.9317298751319587,-2.786394239932296,2.786394239932296,0.5176707224304272
402,12.232237517533006,0.7059354660409223,0.9641376821694961,1.8587369340928706,1.8587369340928706,-2.7163775429611934,2.7163775429611934,0.5379997468485423
403,12.257934023627866,0.7165795772991586,0.9875259980773472,1.7914134966727213,1.7914134966727213,-2.4373947360119512,2.4373947360119512,0.5582184134803876
404,12.283405882959366,0.7260573681487597,1.0111689060713924,1.7340194295523286,1.7340194295523286,-2.0256741408041727,2.0256741408041727,0.5766948068500996
405,12.308686157642892,0.7344225762292669,1.0350250495536142,1.688606211207857,1.688606211207857,-1.5668950416242957,1.5668950416242957,0.5922043833326314
406,12.333803630132996,0.7417181295462985,1.0590596563964447,1.655051449396934,1.655051449396934,-1.1422589401850813,1.1422589401850813,0.6042108239984799
407,12.35878370639293,0.7479768722940165,1.0832429636386318,1.6313818382667689,1.6313818382667689,-0.8177434019989572,0.8177434019989572,0.6129772788585358
408,12.383649338409997,0.7532233050127377,1.107548818886619,1.6142904503354516,1.6142904503354516,-0.637132205157563,0.637132205157563,0.6194672091333989
409,12.408421824651152,0.7574759794791694,1.1319535486423602,1.5997557945210363,1.5997557945210363,-0.6187822576134032,0.6187822576134032,0.6250954073270902
410,12.433121395337649,0.760750176672029,1.1564351422350887,1.5836780192609805,1.5836780192609805,-0.7558732448783267,0.7558732448783267,0.6314414848459207
411,12.457767538604232,0.7630605194051243,1.1809727601792286,1.562456689594484,1.562456689594484,-1.0197822305256712,1.0197822305256712,0.6400177404338404
412,12.482379071239347,0.7644232242644089,1.2055465383607737,1.5334459166594367,1.5334459166594367,-1.3660131865599214,1.3660131865599214,0.6521260314015301
413,12.506973999532127,0.7648577732651118,1.2301376274967386,1.495240015103035,1.495240015103035,-1.7417673842817156,1.7417673842817156,0.6687889502014774
414,12.531569246244517,0.7643878751479674,1.2547283850410444,1.4477680742083223,1.4477680742083223,-2.0939185396697795,2.0939185396697795,0.6907183669917755
415,12.556180334106326,0.7630416788940035,1.279302627682223,1.3922059588689246,1.3922059588689246,-2.3760655543044065,2.3760655543044065,0.718284527967711
416,12.580821112727165,0.7608512870239075,1.3038458580013281,1.3307424107737003,1.3307424107737003,-2.5535885576448702,2.5535885576448702,0.7514602314497477
417,12.605503596805127,0.7578516842580956,1.3283453968440533,1.266254639615552,1.266254639615552,-2.6061662709883047,2.6061662709883047,0.7897305713356441
418,12.630237954913444,0.7540792420015716,1.3527903789559645,1.201953903449067,1.201953903449067,-2.527823265054379,2.527823265054379,0.8319786616861511
419,12.655032657476868,0.7495699787477885,1.3771715975497254,1.141053927753235,1.141053927753235,-2.325049822599621,2.325049822599621,0.8763827683140499
420,12.679894766566733,0.7443577525826366,1.4014812081348342,1.0864993423237252,1.0864993423237252,-2.013758274738421,2.013758274738421,0.9203871194816126
421,12.704830333139888,0.7384725391073597,1.425712319183952,1.0407734463240885,1.0407734463240885,-1.6158208826427636,1.6158208826427636,0.9608238983535788
422,12.729844860581336,0.7319389124508668,1.4498585053389634,1.0057889373249618,1.0057889373249618,-1.1557722140105346,1.1557722140105346,0.9942443815892843
423,12.754943795581301,0.7247748051562684,1.47391327835398,0.9828536988864438,0.9828536988864438,-0.6580611938673957,0.6580611938673957,1.0174454256345402
424,12.780133015651097,0.7169905807375956,1.4978695438793985,0.9726962539623658,0.9726962539623658,-0.14507257371822732,0.14507257371822732,1.0280701667415804
425,12.805419293662831,0.708588415917925,1.5217190613174885,0.9755310884700469,0.9755310884700469,0.3639792597181176,0.3639792597181176,1.025082656841135
426,12.830810730701442,0.6995619622723468,1.5454519121675214,0.9911418911705954,0.9911418911705954,0.8532687313295686,0.8532687313295686,1.0089372761945745
427,12.856317156943527,0.689896242333004,1.569055971939033,1.0189606436989507,1.0189606436989507,1.3097624630283302,1.3097624630283302,0.9813921726847847
428,12.881950504654899,0.679567734889357,1.5925163736593486,1.0581228474625857,1.0581228474625857,1.721989132626543,1.721989132626543,0.9450698493072273
429,12.907725156758888,0.6685446182300985,1.6158149485127176,1.1074846607110682,1.1074846607110682,2.0784868091349007,2.0784868091349007,0.9029470434000801
430,12.933658268268776,0.6567871663734843,1.6389296321234363,1.1655967520638921,1.1655967520638921,2.3663659733273756,2.3663659733273756,0.8579296383842232
431,12.959770046160472,0.6442483276308033,1.6618338340883674,1.2306419160765627,1.2306419160765627,2.5705087367098702,2.5705087367098702,0.8125840562851318
432,12.986083956607155,0.6308745506675919,1.6844957839765469,1.3003574419657278,1.3003574419657278,2.673906701473382,2.673906701473382,0.769019323247243
433,13.01262680860796,0.6166069522953179,1.7068778890836205,1.3719759674030874,1.3719759674030874,2.659466534067822,2.659466534067822,0.728875741091024
434,13.03942864325455,0.6013829342652601,1.7289361667916285,1.4422258508748067,1.4422258508748067,2.513254094037754,2.513254094037754,0.6933726776520008
435,13.066522343625078,0.5851383443328155,1.7506198449319879,1.5074291414352146,1.5074291414352146,2.228638424317633,2.228638424317633,0.6633810986617293
436,13.09394287905023,0.5678102328822332,1.7718712523338107,1.5637183714413736,1.5637183714413736,1.8102700152069229,1.8102700152069229,0.6395013438885672
437,13.121726117632983,0.5493401779778742,1.7926261413476348,1.607362878247986,1.607362878247986,1.276517964302622,1.276517964302622,0.6221370504027023
438,13.149907188975735,0.5296780435499104,1.812814584867679,1.635157818421082,1.635157818421082,0.6591515617829635,0.6591515617829635,0.6115617640905181
439,13.17851845567124,0.5087859117729094,1.8323625620452213,1.6447976365632095,1.6447976365632095,-0.00020914475085348852,0.00020914475085348852,0.6079775273081565
440,13.20758724767857,0.4866418159458544,1.8511942823269063,1.6351457549395754,1.6351457549395754,-0.6562282380806641,0.6562282380806641,0.6115662759598783
441,13.237133606842344,0.46324282600655114,1.8692351972054584,1.6063327191853636,1.6063327191853636,-1.2669166386000759,1.2669166386000759,0.6225360338218975
442,13.267168349977256,0.4386070366531038,1.8864155254361057,1.5596614650912346,1.5596614650912346,-1.799593720056872,1.799593720056872,0.6411647799104299
443,13.297691760181579,0.41277409778786683,1.9026739952314533,1.4973526467378353,1.4973526467378353,-2.2342038428694226,2.2342038428694226,0.667845348374427
444,13.328693143745115,0.38580410571603213,1.9179614185100418,1.422202534423335,1.422202534423335,-2.5635157248455616,2.5635157248455616,0.7031347334825789
445,13.360151354173874,0.3577749102540054,1.9322436874170323,1.3372364953711142,1.3372364953711142,-2.790821511287477,2.790821511287477,0.7478108797221218
446,13.392036218708986,0.32877813432708275,1.9455038371999827,1.2454233182230685,1.2454233182230685,-2.9263708516515106,2.9263708516515106,0.8029398401073533
447,13.424310651352112,0.29891438961198163,1.9577429447665895,1.1494825982462706,1.1494825982462706,-2.983783421052775,2.983783421052775,0.8699566235501681
448,13.456933139436224,0.26828826005224743,1.9689798000645968,1.0517849620797606,1.0517849620797606,-2.9772690525742034,2.9772690525742034,0.9507646867498819
449,13.48986026791797,0.237003600471346,1.97924945755453,0.9543237534366376,0.9543237534366376,-2.919955332886237,2.919955332886237,1.04786242236859
450,13.523048991902215,0.20515957847558836,1.9886009099997968,0.8587296260833703,0.8587296260833703,-2.8232101324814014,2.8232101324814014,1.164510888672792
451,13.556458459724928,0.17284771521935816,1.997094203419171,0.7663030635222943,0.7663030635222943,-2.6966373922740376,2.6966373922740376,1.3049667260933595
452,13.59005129547044,0.1401500009570461,2.0047973258669303,0.6780487089127971,0.6780487089127971,-2.548393238889005,2.548393238889005,1.4748202995673112
453,13.623794344600782,0.10713801194706496,2.0117831648442843,0.5947047497700599,0.5947047497700599,-2.385545263763413,2.385545263763413,1.681506664250867
454,13.657658953675156,0.07387285639235086,2.0181267579649793,0.5167675800883997,0.5167675800883997,-2.2143123654058687,2.2143123654058687,1.935105913240411
455,13.69162089072189,0.040405731664452715,2.0239029790838043,0.44451558999131874,0.44451558999131874,-2.040129978270155,2.040129978270155,2.2496398833155204
456,13.725660020979195,0.006778873837730071,2.029184723244131,0.3780365641270658,0.3780365641270658,-1.8675630980096445,1.8675630980096445,2.6452467694735464
457,13.759759841914097,-0.026973291291620294,2.03404158816643,0.3172617992076727,0.3172617992076727,-1.7001316832763427,1.7001316832763427,3.151971029910921
458,13.793906960638052,-0.06082294401090199,2.0385390016377403,0.2620077797263935,0.2620077797263935,-1.5401244733728223,1.5401244733728223,3.816680562097311
459,13.828090573332526,-0.09474771664346296,2.042737713187113,0.21202396746668475,0.21202396746668475,-1.3884674027299406,1.3884674027299406,4.716447918356823
460,13.862301984834128,-0.128729653167602,2.046693552794746,0.16704351812121693,0.16704351812121693,-1.2446916550860605,1.2446916550860605,5.986463954107691
461,13.896534189493021,-0.1627543151001599,2.050457356214625,0.12683276958780323,0.12683276958780323,-1.1070222163024956,1.1070222163024956,7.884397725051051
462,13.930781522415959,-0.19681004493015708,2.0540749628931825,0.0912351486560089,0.0912351486560089,-0.9725859352951631,0.9725859352951631,10.960688010389276
463,13.96503938272741,-0.23088738553315807,2.0575872058440603,0.060205582153359256,0.060205582153359256,-0.8377212380630956,0.8377212380630956,16.609755511585956
464,13.99930402645754,-0.2649786474977705,2.061029830948966,0.03383239173511144,0.03383239173511144,-0.6983604517043362,0.6983604517043362,29.557472845237676
465,14.03357242483709,-0.2990776137357672,2.064433304027951,0.012344815908971976,0.012344815908971976,-0.5504497941191587,0.5504497941191587,81.00566321715816
466,14.06784218293427,-0.33317936979809293,2.067822485862093,-0.003894422386810312,0.003894422386810312,-0.39037068636051947,0.39037068636051947,256.7774885915855
467,14.102111512674123,-0.3672802469845259,2.0712161764688846,-0.01441083485249481,0.01441083485249481,-0.21532829012160448,0.21532829012160448,69.39223231934267
468,14.136379252571867,-0.40137786212956567,2.074626548753582,-0.018652392401819654,0.018652392401819654,-0.02367815647460121,0.02367815647460121,53.61242560511669
469,14.170644923564424,-0.43547123204800475,2.0780585068207182,-0.016033579679293492,0.016033579679293492,0.184831406190433,0.184831406190433,62.36910409292108
470,14.204908806105989,-0.46956093198887133,2.081509014720118,-0.0059859786565055325,0.0059859786565055325,0.4089162730957273,0.4089162730957273,167.0570607386321
471,14.239172018572223,-0.5036492568554697,2.0849664467578495,0.011988264617372273,0.011988264617372273,0.6457208031535594,0.6457208031535594,83.41490882265757
472,14.273436571709759,-0.537740332920184,2.088410010967334,0.03826382518747908,0.03826382518747908,0.8908916424573978,0.8908916424573978,26.13434477866123
473,14.3077053693192,-0.5718401183297824,2.0918092939235096,0.07304405402745465,0.07304405402745465,1.1387584470611969,1.1387584470611969,13.690368275891913
474,14.341982122590796,-0.6059562250940311,2.095123969487165,0.11632065026172345,0.11632065026172345,1.3826148391062114,1.3826148391062114,8.596925805950903
475,14.376271145475826,-0.640097495588507,2.0983037083810263,0.16784411359644136,0.16784411359644136,1.6150883556383582,1.6150883556383582,5.9579092681460715
476,14.410577001986475,-0.6742732746413711,2.1012883217662077,0.22710744123010082,0.22710744123010082,1.8285819024701047,1.8285819024701047,4.403202266661177
477,14.444903984060108,-0.708492335337615,2.104008171642647,0.29334488014681187,0.29334488014681187,2.015760351242381,2.015760351242381,3.4089567184520986
478,14.479255411227594,-0.7427614436691312,2.1063848842054065,0.3655466555647512,0.3655466555647512,2.1700443616439338,2.1700443616439338,2.7356289129633815
479,14.51363276137159,-0.7770835845466117,2.1083324078918455,0.44248937583427606,0.44248937583427606,2.28606072145906,2.28606072145906,2.259941265515325
480,14.548034665711517,-0.8114559192118962,2.109758462544102,0.5227802076916848,0.5227802076916848,2.3599879118873712,2.3599879118873712,1.912849769916616
481,14.582455830469666,-0.8458676000780292,2.1105664249658638,0.6049109869647238,0.6049109869647238,2.3897326068129714,2.3897326068129714,1.6531357861719849
482,14.61688598062578,-0.8802976292924831,2.1106576831950936,0.6873164399642445,0.6873164399642445,2.374883631366201,2.374883631366201,1.4549339166862092
483,14.651308953514024,-0.9147130039471818,2.109934461347064,0.7684291418512111,0.7684291418512111,2.3164192661361658,2.3164192661361658,1.3013561635506365
484,14.685702094520055,-0.9490674315509866,2.1083030655411075,0.8467234120095635,0.8467234120095635,2.2161917536623,2.2161917536623,1.1810232075981681
485,14.720036113988684,-0.9833009083617719,2.1056774307002355,0.9207417081477783,0.9207417081477783,2.076272477549017,2.076272477549017,1.0860809184061648
486,14.754275543333236,-1.0173404144991494,2.1019827664713677,0.9891005764709888,0.9891005764709888,1.898298478588347,1.898298478588347,1.0110195300541622
487,14.788379872245716,-1.051101883119596,2.097159024442477,1.0504785604681157,1.0504785604681157,1.682997553815795,1.682997553815795,0.9519470816752116
488,14.822305358854578,-1.0844934485851165,2.091163859940159,1.103594589579947,1.103594589579947,1.430067807298979,1.430067807298979,0.9061298500753093
489,14.856007393154789,-1.117419790268292,2.083974761294615,1.1471905010076178,1.1471905010076178,1.1385366847279097,1.1385366847279097,0.8716948049357668
490,14.889443184659275,-1.1497872010301944,2.0755900803763105,1.180033467191467,1.180033467191467,0.8076226996184915,0.8076226996184915,0.8474335921845041
491,14.922574467053632,-1.181508867546135,2.066028817565041,1.2009515809355062,1.2009515809355062,0.43798257295081117,0.43798257295081117,0.8326730368438577
492,14.95536989032114,-1.2125097926244215,2.0553291712351154,1.208908215363422,1.208908215363422,0.033077461715874855,0.033077461715874855,0.8271926580459046
493,14.987806814560306,-1.2427308359054627,2.043546022373166,1.203109301412795,1.203109301412795,-0.39971746717188694,0.39971746717188694,0.8311796765478527
494,15.01987232023225,-1.2721314888378936,2.0307476529010695,1.1831254674529204,1.1831254674529204,-0.8486500129716107,0.8486500129716107,0.8452188947913021
495,15.05156338079435,-1.3006911974122506,2.017012065338155,1.1490022906512471,1.1490022906512471,-1.2980455647686995,1.2980455647686995,0.8703202840728945
496,15.082886272325688,-1.3284092541944426,2.002423272992555,1.1013304864194882,1.1013304864194882,-1.7297097951242442,1.7297097951242442,0.9079926619039471
497,15.113855391978824,-1.3553034557744361,1.987067873503614,1.0412551887474752,1.0412551887474752,-2.1250206104303464,2.1250206104303464,0.9603793679077834
498,15.14449170695507,-1.3814078346838266,1.971032126028713,0.970417668117528,0.970417668117528,-2.467224911662365,2.467224911662365,1.0304841233361481
499,15.17482105750035,-1.4067698181580268,1.9543996488003255,0.8908391800166898,0.8908391800166898,-2.7433896842325116,2.7433896842325116,1.1225370666580528
500,15.204872502328435,-1.4314471488989342,1.9372497600613512,0.8047696169644911,0.8047696169644911,-2.945577345873736,2.945577345873736,1.242591642278815
501,15.234676839608188,-1.455504844148175,1.9196564141607007,0.7145293442202926,0.7145293442202926,-3.0710657980642533,3.0710657980642533,1.3995226481443084
502,15.264265377333787,-1.4790123901465206,1.9016876399711538,0.6223701898868456,0.6223701898868456,-3.121708609380943,3.121708609380943,1.6067607611184143
503,15.293668975213995,-1.5020412876213647,1.883405368520536,0.5303730866138746,0.5303730866138746,-3.1027314995462736,3.1027314995462736,1.8854652040970283
504,15.322917342217606,-1.524662992919701,1.8648655351401335,0.44038889093154243,0.44038889093154243,-3.0213376884159544,3.0213376884159544,2.27072031241462
505,15.352038550823574,-1.5469472455695765,1.8461183520314957,0.35401888796781295,0.35401888796781295,-2.88545315049331,2.88545315049331,2.8247080423881763
506,15.381058718964185,-1.5689607384062831,1.8272086642488365,0.2726246722241066,0.2726246722241066,-2.702826671701329,2.702826671701329,3.6680465925621237
507,15.410001810346495,-1.5907660696240866,1.8081763215331699,0.19735424415051578,0.19735424415051578,-2.4805612036110984,2.4805612036110984,5.067030629639421
508,15.43888950986721,-1.612420913939082,1.7890565176300868,0.1291718559359224,0.1291718559359224,-2.2250336909151787,2.2250336909151787,7.741624464202673
509,15.467741140284774,-1.6339773582987926,1.769880066333812,0.06888228974698064,0.06888228974698064,-1.9420829271106352,1.9420829271106352,14.517519723476289
510,15.496573596977926,-1.6554813619037152,1.7506735989875786,0.017144575192239362,0.017144575192239362,-1.637314685118171,1.637314685118171,58.32748777891321
511,15.525401287957271,-1.6769723166966677,1.7314596813941305,-0.025525516783278007,0.025525516783278007,-1.3163843217424231,1.3163843217424231,39.17648400580508
512,15.554236075265989,-1.6984826995818265,1.712256859016343,-0.05876140717897781,0.05876140717897781,-0.9851568417749483,0.9851568417749483,17.01797230543102
513,15.58308722083931,-1.720037819026101,1.6930796478886512,-0.08235520823618976,0.08235520823618976,-0.649698217903645,0.649698217903645,12.142522876416757
514,15.611961344417118,-1.7416556650041497,1.6739384946408493,-0.09626541167447446,0.09626541167447446,-0.31610525296756153,0.31610525296756153,10.387947058093328
515,15.640862403126533,-1.7633468722096348,1.6548397322596426,-0.10061824684833924,0.10061824684833924,0.009777059386894042,0.009777059386894042,9.938555195731931
516,15.66979170206433,-1.7851148028070585,1.635785558581989,-0.09570000083339233,0.09570000083339233,0.32267879913696607,0.32267879913696607,10.449320703151685
517,15.698747943083806,-1.8069557482437721,1.6167740621546058,-0.08193981032753185,0.08193981032753185,0.6181944659684432,0.6181944659684432,12.204079994849574
518,15.72772731572142,-1.8288592416973453,1.597799315436954,-0.0598845250880937,0.0598845250880937,0.8929780325775429,0.8929780325775429,16.69880488371479
519,15.75672363059173,-1.8508084655299157,1.5788515490987827,-0.030168794959373496,0.030168794959373496,1.1448077522793412,1.1448077522793412,33.1468327239003
520,15.78572849240739,-1.8727807332337603,1.5599174142916126,0.0065156716233291,0.0065156716233291,1.3725120399812838,1.3725120399812838,153.4761200088016
521,15.814731507637969,-1.894748023740403,1.54098033320022,0.049447714700343114,0.049447714700343114,1.5757717356506522,1.5757717356506522,20.223381526529092
522,15.843720521015758,-1.916677547862187,1.5220209326714662,0.0978978711974394,0.0978978711974394,1.75483115347292,1.75483115347292,10.214726712322586
523,15.872681875612228,-1.9385323315894982,1.5030175517013626,0.15114082577679083,0.15114082577679083,1.910159512580606,1.910159512580606,6.616346012802849
524,15.901600692732087,-1.9602718079998778,1.4839468110494,0.20845823179118378,0.20845823179118378,2.0421066324249657,2.0421066324249657,4.797124063691173
525,15.930461169872016,-1.981852417353038,1.4647842318730295,0.2691323058015388,0.2691323058015388,2.150594197928254,2.150594197928254,3.715644604692724
526,15.959246896830729,-2.0032282221556383,1.4455048894158113,0.3324318238583113,0.3324318238583113,2.2348786362765485,2.2348786362765485,3.0081355882047522
527,15.987941191104989,-2.0243515492736157,1.4260840867711022,0.39759317726783167,0.39759317726783167,2.293415465074457,2.293415465074457,2.5151337024235896
528,16.0165274534473,-2.045173673470345,1.4064980320729394,0.4637999382508284,0.4637999382508284,2.3238488183809993,2.3238488183809993,2.156102055061483
529,16.044989542588002,-2.0656455553208435,1.3867244999718569,0.5301649214522178,0.5301649214522178,2.323143724147459,2.323143724147459,1.8862055174469459
530,16.07331216461709,-2.0857186410012245,1.3667434552076152,0.5957189836324527,0.5957189836324527,2.2878715781001895,2.2878715781001895,1.6786438362303073
531,16.101481267698933,-2.1053457222093646,1.3465376131889157,0.659410733731367,0.659410733731367,2.2146493119266903,2.2146493119266903,1.5165054932323612
532,16.12948442733131,-2.124481842253598,1.326092910719837,0.7201208466018709,0.7201208466018709,2.100717910562755,2.100717910562755,1.3886558134219162
533,16.15731120223961,-2.1430852205519946,1.305398860423098,0.7766936771665173,0.7766936771665173,1.9446248995644033,1.9446248995644033,1.2875088717705725
534,16.18495343737369,-2.1611181543006297,1.2844487658260575,0.8279872646844664,0.8279872646844664,1.7469490514337127,1.7469490514337127,1.2077480447493176
535,16.212405489460767,-2.178547845033976,1.2632397808260274,0.8729405899669295,0.8729405899669295,1.5109780111344444,1.5109780111344444,1.1455533303106962
536,16.239664352959267,-2.195347091257509,1.24177280699293,0.9106542551033042,0.9106542551033042,1.2432285391547522,1.2432285391547522,1.0981115987719845
537,16.266729670274536,-2.211494787821816,1.2200522338641342,0.9404779619208103,0.9404779619208103,0.9536942007535211,0.9536942007535211,1.063289136470166
538,16.293603619222928,-2.2269761789056988,1.1980855394794832,0.9620958205318595,0.9620958205318595,0.6557244741180767,0.6557244741180767,1.0393975097482355
539,16.32029068173883,-2.2417828240030673,1.1758827791401,0.975599227996465,0.975599227996465,0.36548414023075526,0.36548414023075526,1.0250110612055787
540,16.346797309008167,-2.2559122537866685,1.1534559982033312,0.9815372705087179,0.9815372705087179,0.10100502061329229,0.10100502061329229,1.0188100136856884
541,16.37313150780157,-2.2693673130906538,1.1308186086626446,0.9809364167221556,0.9809364167221556,-0.11909211379672083,0.11909211379672083,1.019434066217611
542,16.39930237935447,-2.2821552092592348,1.107984769094582,0.9752843306961309,0.9752843306961309,-0.2770779658533942,0.2770779658533942,1.0253420141449703
543,16.425319644990413,-2.294286303813213,1.0849688038510044,0.9664762338281934,0.9664762338281934,-0.3576500725956543,0.3576500725956543,1.0346865913495045
544,16.45119319192905,-2.3057727025344947,1.0617846912822309,0.9567255778117856,0.9567255778117856,-0.3493879433159135,0.3493879433159135,1.0452318022971554
545,16.476932669190287,-2.3166267131978815,1.038445643696675,0.9484432654546849,0.9484432654546849,-0.24602716267863772,0.24602716267863772,1.0543593237710416
546,16.502547158409577,-2.3268592514426705,1.014963794982529,0.9440911071462876,0.9440911071462876,-0.04749054765859081,0.04749054765859081,1.059219806680214
547,16.52804493889323,-2.3364782840597775,0.9913500061907292,0.9460159157744185,0.9460159157744185,0.23935929771038686,0.23935929771038686,1.0570646680731473
548,16.5534333611314,-2.345487405427655,0.9676137951215121,0.956271192892932,0.956271192892932,0.6002781576676733,0.6002781576676733,1.0457284580274542
549,16.578718838361652,-2.3538846465040475,0.9437633925868263,0.9764343507891594,0.9764343507891594,1.0135612433459045,1.0135612433459045,1.0241343918224453
550,16.60390696104734,-2.361661615421379,0.9198059244633361,1.0074292775798745,1.0074292775798745,1.450415958892019,1.450415958892019,0.9926255095566393
551,16.629002733177515,-2.368803062392503,0.8957477135163794,1.0493669143053317,1.0493669143053317,1.8759173223821732,1.8759173223821732,0.9529555262012316
552,16.654010920832395,-2.3752869470247173,0.8715946870008914,1.1014201636605996,1.1014201636605996,2.250708648841773,2.250708648841773,0.9079187334617818
553,16.678936491617623,-2.381085061214507,0.8473528646516603,1.1617532562956654,1.1617532562956654,2.533607892540386,2.533607892540386,0.8607679768323375
554,16.703785108532962,-2.3861642244539656,0.8230288875222477,1.2275284384635474,1.2275284384635474,2.685209535684194,2.685209535684194,0.814645077593203
555,16.72856362540788,-2.3904880212241277,0.7986305334791809,1.2950125091779325,1.2950125091779325,2.6723937163070217,2.6723937163070217,0.7721933131246701
556,16.75328051686154,-2.3940189951568698,0.7741671537817965,1.3597996566668893,1.3597996566668893,2.473348354251638,2.473348354251638,0.7354024507192315
557,16.777946168911782,-2.396721157559595,0.749649961662533,1.4171527418820717,1.4171527418820717,2.0823168918293398,2.0823168918293398,0.705640239366107
558,16.802572962095795,-2.3985626170540844,0.7250921122156005,1.4624421480177454,1.4624421480177454,1.5129400107092112,1.5129400107092112,0.6837877322911141
559,16.82717510059724,-2.399518102363245,0.7005085350416329,1.4916331623134733,1.4916331623134733,0.7989800997543787,0.7989800997543787,0.6704061194570341
560,16.851768177621516,-2.399571141046909,0.6759155152103902,1.501748146225925,1.501748146225925,-0.008406459383268257,0.008406459383268257,0.6658906172204182
561,16.876368513001943,-2.39871567931802,0.6513300584104861,1.4912196198901688,1.4912196198901688,-0.8468526642771701,0.8468526642771701,0.6705920353124457
562,16.900992343097855,-2.396956982264526,0.6267691139403252,1.4600625305454669,1.4600625305454669,-1.6513610431279113,1.6513610431279113,0.6849021730777576
563,16.925654973379185,-2.3943117336406674,0.6022487552131044,1.409829879269524,1.409829879269524,-2.3628304576998675,2.3628304576998675,0.709305437985277
564,16.950370011596338,-2.390807347068454,0.5777834248693747,1.343391471487042,1.343391471487042,-2.9333650014343693,2.9333650014343693,0.7443846572087202
565,16.975148783188253,-2.386480573254825,0.5533853399041577,1.2646464697879576,1.2646464697879576,-3.3384896996719062,3.3384896996719062,0.7907348210663723
