idx,x,y
0,-2.0887084235876947,0.5949881590406118
1,-2.0848491344903453,0.5789751160490768
2,-2.0803621314500047,0.5623452657102772
3,-2.075253385579229,0.5451211861661605
4,-2.069540141822963,0.527345932643213
5,-2.0632492132995197,0.5090771320354213
6,-2.05641470318727,0.49038227761630915
7,-2.049075254813807,0.4713340988130873
8,-2.0412713182033317,0.45200658631300916
9,-2.033042705717523,0.43247174679489786
10,-2.0244265621216786,0.4127969847938915
11,-2.0154557835877873,0.3930429883223777
12,-2.0061578611137985,0.37326200723802294
13,-1.996554096240586,0.3534964489765745
14,-1.986659135782941,0.33377776584358326
15,-1.9764807888762834,0.3141256582977309
16,-1.9660201147200609,0.2945476569582295
17,-1.95527179428366,0.27503916273199647
18,-1.9442248162564226,0.2555840144822056
19,-1.9328635105439396,0.23615561812492664
20,-1.921168947955554,0.2167186173026693
21,-1.9091206922475052,0.19723102599079634
22,-1.8966988445281885,0.17764669138683242
23,-1.8838862683933644,0.1579179228375227
24,-1.870670837717608,0.13799811536505935
25,-1.8570475183319712,0.11784421330379569
26,-1.8430200875229534,0.09741889301141285
27,-1.8286023142792542,0.07669238256779742
28,-1.8138184662588333,0.0556438704129916
29,-1.7987030703053195,0.034262477577087974
30,-1.7832999236328433,0.012547778731138104
31,-1.7676604238109301,-0.009490139866595498
32,-1.7518413495398215,-0.03183109492105926
33,-1.7359022743652552,-0.054445692831222664
34,-1.7199028268812733,-0.07729666662713613
35,-1.7039000202832146,-0.10034060723329188
36,-1.6879458602719535,-0.12352999150150182
37,-1.6720854050183882,-0.14681536804927953
38,-1.6563553989963664,-0.17014753010094696
39,-1.6407835413812766,-0.19347949017367952
40,-1.6253883880153905,-0.2167680790098484
41,-1.6101798316455267,-0.23997502068158416
42,-1.595160063839447,-0.2630673834515853
43,-1.5803248958938978,-0.28601736557740665
44,-1.5656653040815627,-0.30880144008389976
45,-1.5511690634760964,-0.3313989467814682
46,-1.536822340502651,-0.3537902790924967
47,-1.5226111243873042,-0.37595486426960456
48,-1.5085223907264542,-0.3978691752277588
49,-1.4945449070967407,-0.41950503653598703
50,-1.480669612390114,-0.440828490808175
51,-1.4668895291903827,-0.4617994683218252
52,-1.4531992010273838,-0.4823724457843596
53,-1.4395936807396692,-0.5024981857020665
54,-1.4260671284909465,-0.5221265170275466
55,-1.4126111055182515,-0.5412099601657365
56,-1.399212673213421,-0.5597078346602876
57,-1.3858524314518,-0.5775903453623947
58,-1.3725026614370766,-0.594842057966749
59,-1.359125778793808,-0.6114641811760241
60,-1.3456733438255104,-0.6274751916754552
61,-1.33208589650453,-0.6429095669816273
62,-1.3182938551962908,-0.6578146962330086
63,-1.304219617847405,-0.6722463570296686
64,-1.2897808320808257,-0.6862633999775662
65,-1.2748945869600448,-0.6999224046708544
66,-1.2594820794351433,-0.713273030461316
67,-1.2434731822388474,-0.726354600589584
68,-1.2268103264676937,-0.7391941890679289
69,-1.2094512146743006,-0.751806203608249
70,-1.1913700679792303,-0.7641932408140525
71,-1.1725573334691632,-0.7763478663561336
72,-1.1530179866771546,-0.7882549426454707
73,-1.1327687237811042,-0.7998941649293232
74,-1.111834434037449,-0.8112425407708892
75,-1.0902443751815316,-0.8222766296830308
76,-1.0680284521212953,-0.8329744331242555
77,-1.0452139342391336,-0.8433168853333457
78,-1.0218228510831044,-0.8532889446043492
79,-0.9978701920267519,-0.8628803260660491
80,-0.973362915068815,-0.8720859521033815
81,-0.9482996569416493,-0.8809062234609771
82,-0.9226709452958414,-0.8893472295513503
83,-0.8964596570571443,-0.8974210184694574
84,-0.8696414550660784,-0.9051460368204831
85,-0.8421849728314748,-0.9125478313931248
86,-0.8140516038538393,-0.9196600857343545
87,-0.785194880887792,-0.9265260510394637
88,-0.7555595898410132,-0.9332004253739172
89,-0.7250809362889497,-0.9397517354671308
90,-0.6936842493940265,-0.9462652716337208
91,-0.661285844705784,-0.952846601884163
92,-0.6277957482439762,-0.9596256225062171
93,-0.5931229838517231,-0.9667609622840245
94,-0.5571840214977557,-0.9744443218477474
95,-0.5199147599984644,-0.9829039869652718
96,-0.48128606691357656,-0.9924063175543955
97,-0.44132242331368743,-1.003253527776864
98,-0.40012262357723544,-1.0157756163796572
99,-0.3578807393449528,-1.0303139988181496
100,-0.31490459877585986,-1.047194422368317
101,-0.27162773964020026,-1.0666874618130762
102,-0.22860916409325502,-1.0889569244142092
103,-0.18651380171797396,-1.1140006682472832
104,-0.14606704913472648,-1.1415949593931987
105,-0.10798174642450872,-1.1712607415243488
106,-0.07286688357566515,-1.2022729027108705
107,-0.04114056862829668,-1.2337254564866462
108,-0.012975868237899368,-1.2646456810831135
109,0.011701212015285234,-1.294128461878599
110,0.03316418194691456,-1.3214530749543314
111,0.05181179042833453,-1.3461544353024777
112,0.06809583218801632,-1.3680409614240778
113,0.08247083530476576,-1.3871680709937497
114,0.09537033998254527,-1.4037832541032418
115,0.10720260868186088,-1.4182579824048638
116,0.1183540665462241,-1.4310185952027727
117,0.1291908013501708,-1.442485534665087
118,0.1400538854841863,-1.4530277123484763
119,0.15124965288693965,-1.4629354796913765
120,0.16303904062141736,-1.472411775566751
121,0.1756301699627754,-1.4815776707934083
122,0.18917648464659728,-1.4904867966612865
123,0.2037804845245046,-1.4991432494223462
124,0.21950148018661503,-1.5075189155967386
125,0.23636519435944292,-1.5155679130639972
126,0.2543732440516557,-1.5232373511166126
127,0.2735111514208357,-1.5304746043621553
128,0.2937542043594237,-1.5372317768407893
129,0.31507102068216697,-1.5434681423154424
130,0.33742499982133933,-1.549151243565723
131,0.3607739984227368,-1.5542571442912654
132,0.3850686058455203,-1.5587701328971841
133,0.41024938982542936,-1.5626820199995612
134,0.4362434797691809,-1.56599106736681
135,0.4629608758660072,-1.5687005391077775
136,0.49029091159839805,-1.5708168761098782
137,0.5180993339149479,-1.5723475596837324
138,0.5462264718887898,-1.573298841491034
139,0.5744869169648705,-1.5736736530991127
140,0.6026710224685854,-1.5734701333183565
141,0.6305483508135724,-1.5726812768093934
142,0.6578729807787822,-1.5712961664640774
143,0.6843903866737263,-1.5693030766215608
144,0.7098454879140621,-1.5666944286876916
145,0.7339915128612263,-1.5634731820677321
146,0.7565995410965031,-1.5596598054173858
147,0.7774690376382938,-1.5552985115083073
148,0.7964399659038796,-1.5504610176246523
149,0.8134068737499518,-1.5452457394311927
150,0.8283348353906006,-1.5397701161679165
151,0.8412752548424519,-1.5341543243974287
152,0.8523770992655223,-1.528496337908242
153,0.8618877032048821,-1.5228413699228596
154,0.8701378961598527,-1.5171525770392693
155,0.8775103518452458,-1.5112924506021825
156,0.8843966446483799,-1.5050231745713254
157,0.8911542288135488,-1.49802850949569
158,0.8980756731735932,-1.48995172819331
159,0.9053778453165019,-1.4804382604113673
160,0.9132110399026969,-1.4691714018962614
161,0.9216816914263377,-1.4558943725046065
162,0.9308800234658386,-1.4404187127538415
163,0.9409054021427806,-1.4226238624196306
164,0.9518851000285156,-1.4024542213836224
165,0.9639846590635219,-1.379918627435067
166,0.9774093118323902,-1.355094434987763
167,0.9923963012917345,-1.3281354574986208
168,1.009198212530984,-1.299280631369486
169,1.0280582881233606,-1.268858757059542
170,1.0491803733605505,-1.237284445892496
171,1.0726982044209827,-1.2050418069110866
172,1.0986502000922775,-1.1726554468595733
173,1.1269656297372985,-1.1406522584924468
174,1.1574655595384882,-1.1095207236920148
175,1.189878076036762,-1.0796755241026503
176,1.2238636102544822,-1.0514335873527985
177,1.2590442802995219,-1.0250041688214984
178,1.2950315186247816,-1.0004918680355317
179,1.3314481724382567,-0.9779090298300526
180,1.367943590081833,-0.9571932535373461
181,1.4042020259929042,-0.9382263324782035
182,1.4399456843510192,-0.9208521409086442
183,1.474933996228878,-0.9048921774931653
184,1.5089605732241473,-0.8901583650771085
185,1.5418489567334255,-0.8764632432250645
186,1.573447943558977,-0.8636279427798736
187,1.6036269894681627,-0.8514883998840592
188,1.6322719975082303,-0.8399002341249775
189,1.6592816880920571,-0.8287426376296341
190,1.6845647118546134,-0.8179215292877823
191,1.7080376849712144,-0.8073721312366156
192,1.7296243748145477,-0.7970610202416145
193,1.7492563117151156,-0.7869875846578411
194,1.7668751174759818,-0.7771846681185723
195,1.7824367886052692,-0.7677180008711153
196,1.7959180158036765,-0.7586838207685652
197,1.807324324850369,-0.7502039054426534
198,1.816699359524847,-0.7424171491387926
199,1.8241339973465076,-0.7354669415615438
200,1.8297732706226244,-0.7294840974529448
201,1.8338184648758613,-0.7245660840241598
202,1.836521647983984,-0.7207548051932411
203,1.8381706941426865,-0.7180169362816883
204,1.8390648950908064,-0.7162320675805296
205,1.8394842546145345,-0.7151937558271415
206,1.839658527753632,-0.7146262944588497
207,1.8397434720155619,-0.7142158314509436
208,1.839810465073978,-0.7136498624481491
209,1.8398517694568923,-0.7126562193153829
210,1.8397989307635667,-0.7110329142540214
211,1.8395482474951257,-0.7086633716436017
212,1.8389862561793795,-0.7055159635145586
213,1.8380095332875763,-0.7016304129497103
214,1.8365356390856322,-0.6970956055737478
215,1.8345044882542756,-0.6920236966355258
216,1.8318724301357663,-0.6865272029421401
217,1.8285995909902186,-0.6806985365663922
218,1.8246392012626225,-0.6746032913784379
219,1.8199268349601612,-0.6682796059830578
220,1.8143713551442562,-0.6617398741539781
221,1.8078556016990075,-0.654984180108515
222,1.800240255392388,-0.6480117408644273
223,1.7913800120584116,-0.6408366124779377
224,1.781141390991352,-0.6334978935953209
225,1.7694136897740913,-0.6260579383378369
226,1.75612010843092,-0.6185991073274335
227,1.7412238802473214,-0.6112169436121162
228,1.7247287970246834,-0.6040116692814446
229,1.70667536042771,-0.5970801602667991
230,1.6871341120653154,-0.5905096624187136
231,1.6661976550448032,-0.5843737338725712
232,1.643972560942351,-0.5787303248408977
233,1.620571936641872,-0.5736215776560638
234,1.5961090513450913,-0.5690748148555944
235,1.5706921603323236,-0.5651042092162513
236,1.5444205128641963,-0.5617127262465806
237,1.517381469575525,-0.5588940458953287
238,1.4896486441250565,-0.5566342771995196
239,1.461280993974646,-0.5549133652369
240,1.432322795309222,-0.5537061525781098
241,1.402804436892469,-0.5529831013990354
242,1.3727439548398972,-0.5527107133558968
243,1.3421492078642507,-0.5528517076923832
244,1.311020568611314,-0.5533650374086547
245,1.279353964484276,-0.5542058408309625
246,1.2471441211733976,-0.5553254337817405
247,1.2143878120032574,-0.5566714619818128
248,1.1810869053532367,-0.5581883152219307
249,1.1472510518933345,-0.5598178898045023
250,1.1128998261515712,-0.5615007472355391
251,1.0780641662787342,-0.5631776653310911
252,1.0427869868054458,-0.5647915178872736
253,1.007122880242576,-0.5662893583482028
254,0.97113687944857,-0.5676245316137637
255,0.9349023216387842,-0.5687586065241352
256,0.8984979318517518,-0.5696629178508072
257,0.862004320026736,-0.5703195347765209
258,0.8255001503036706,-0.570721530946099
259,0.7890582800096527,-0.5708725109358548
260,0.7527421713471276,-0.5707854353657177
261,0.7166029113943191,-0.5704808670297166
262,0.6806771755153249,-0.5699848353653616
263,0.6449858416985087,-0.5693265484067468
264,0.6095340245028037,-0.5685360754475791
265,0.5743117583231185,-0.5676423492852822
266,0.5392954896337457,-0.5666713509968557
267,0.5044508299546379,-0.565644807177796
268,0.4697354433960813,-0.5645792784938138
269,0.43510229975393583,-0.5634856601796103
270,0.40050287149427166,-0.5623690382596505
271,0.36589005088325177,-0.5612288391633757
272,0.3312206005180401,-0.560059212746656
273,0.2964569759740651,-0.558849589444717
274,0.261568406599891,-0.5575853499489529
275,0.22653118124921612,-0.556248539920692
276,0.19132815306330464,-0.5548185544414614
277,0.15594754823364432,-0.5532727110870261
278,0.12038123442996815,-0.551586631627257
279,0.08462266950068861,-0.5497343644757102
280,0.04866480266548013,-0.5476882049134262
281,0.0124982307804293,-0.5454182066561194
282,-0.02389008576128396,-0.5428914228678718
283,-0.060517274462141404,-0.5400709621949429
284,-0.0974039636836094,-0.5369149906368001
285,-0.13457255280145244,-0.5333758485839157
286,-0.1720443653944727,-0.529399480082987
287,-0.2098358604178582,-0.5249253836405481
288,-0.24795423030554428,-0.5198872840315191
289,-0.2863928558549116,-0.5142146838610184
290,-0.3251271945858068,-0.5078353729401985
291,-0.364111729768956,-0.500678847743161
292,-0.4032785807050332,-0.49268042694026865
293,-0.44253825566291455,-0.48378566188264027
294,-0.48178281187745114,-0.47395446949374753
295,-0.5208913824065438,-0.46316430888034416
296,-0.5597376679659192,-0.45141173369384063
297,-0.5981986257670588,-0.43871181625173966
298,-0.6361632874885474,-0.42509525862604153
299,-0.673540480331761,-0.4106034343195915
300,-0.7102642679826147,-0.39528204948759943
301,-0.7462961927353788,-0.3791744590134511
302,-0.7816238543297955,-0.36231581982241157
303,-0.8162559258956387,-0.34472916600660586
304,-0.85021427816869,-0.326424174367167
305,-0.8835243593367968,-0.3073989386048754
306,-0.9162052856169953,-0.28764458624306855
307,-0.9482611970986784,-0.2671521310000031
308,-0.979675312892958,-0.24592058962926597
309,-1.0104077859830853,-0.223965113890359
310,-1.0403979328886832,-0.20132371018390235
311,-1.0695707408515365,-0.1780610921484992
312,-1.0978468202021592,-0.1542684185371887
313,-1.1251543071237864,-0.13005818086716148
314,-1.1514408010528896,-0.10555431048273936
315,-1.176683386833276,-0.08087852540195467
316,-1.2008951879994227,-0.05613476670558937
317,-1.224127616282245,-0.03139399451852423
318,-1.246468290992511,-0.006681453098265316
319,-1.2680352442272422,0.018032190798628278
320,-1.2889683385713178,0.042835451279775894
321,-1.3094187819934469,0.06787699599435862
322,-1.3295373192852042,0.09336434039908786
323,-1.3494612275320326,0.11956189127867559
324,-1.3692997199588537,0.14678975543640974
325,-1.389116786263632,0.17542405626054922
326,-1.4089098720889848,0.20589836335789638
327,-1.4285822091396942,0.23870411767340233
328,-1.4479063753434778,0.2743853496872811
329,-1.4664776258358845,0.3135192360039557
330,-1.4836593793280553,0.35666933520077504
331,-1.4985325249070571,0.40429479399520973
332,-1.5098766874732583,0.45660260086411497
333,-1.5162307024265154,0.5133519618556012
334,-1.5160820578259102,0.5736675757369458
335,-1.5081894957467854,0.635973630249376
336,-1.4919420546577757,0.6981624473177304
337,-1.467573258927222,0.7579981725307926
338,-1.43610373858185,0.8135776000464432
339,-1.3990702134901203,0.8636224865967872
340,-1.3581298061525864,0.907610912937802
341,-1.3146726757429275,0.9456936057719149
342,-1.269708287875399,0.9783799864261042
343,-1.2239340492718465,1.0062873549511389
344,-1.177800157838947,1.0300289781114857
345,-1.1315789895148847,1.0501578263239264
346,-1.0854222702493308,1.0671458899910526
347,-1.0394041248000703,1.0813821680702456
348,-0.9935524191571644,1.0931793267878382
349,-0.9478713179968764,1.1027838422577383
350,-0.9023573657023112,1.1103871558279952
351,-0.8570106970937608,1.1161367355182412
352,-0.8118424918963691,1.1201465672886526
353,-0.7668794935933513,1.122506877623584
354,-0.7221662351730981,1.1232930097710154
355,-0.6777654837574054,1.1225734261375144
356,-0.6337572986014843,1.120416820475235
357,-0.590236984957149,1.1168983047953067
358,-0.5473121284834885,1.1121045915083465
359,-0.505098826089589,1.106138029294956
360,-0.4637172021956344,1.0991192878209581
361,-0.4232863195538199,1.0911884457008272
362,-0.3839186549616639,1.082504246138262
363,-0.34571439478886795,1.0732413700990862
364,-0.30875588731069675,1.0635857492573737
365,-0.27310264154104474,1.0537281893791532
366,-0.23878726744570006,1.043856860774382
367,-0.2058127084642526,1.034149472923064
368,-0.17415103972294532,1.0247661106130088
369,-0.14374401758087613,1.0158437031108136
370,-0.11450548359269822,1.0074928923868232
371,-0.08632564345499824,0.9997976783168241
372,-0.05907713528527825,0.9928177221082861
373,-0.03262264859269977,0.9865927022224271
374,-0.006823659107104578,0.9811477689750636
375,0.018450351663868728,0.9764990290414467
376,0.043312951414269156,0.9726581295631563
377,0.06785284884772336,0.9696353397390491
378,0.09212765182149289,0.967440925798102
379,0.11615969690804641,0.9660849593248015
380,0.13993411492961225,0.9655759095707135
381,0.16339910876988664,0.9659184330662455
382,0.18646831656903534,0.9671107279721487
383,0.20902510813148756,0.9691417312421615
384,0.23092868325994345,0.9719883667999918
385,0.2520218707246854,0.9756130465413224
386,0.2721405332059702,0.9799617013079399
387,0.29112443610989475,0.9849627660887637
388,0.3088292459974296,0.9905277023979564
389,0.3251393386662163,0.9965538718713568
390,0.3399801430607547,1.0029303319612062
391,0.3533284765470576,1.0095469465164961
392,0.365219275977865,1.0163065582071231
393,0.3757462677443585,1.0231386820339496
394,0.385054957412316,1.030012086013496
395,0.39332776153165827,1.0369428769638667
396,0.4007630334783463,1.0439948986529135
397,0.40755173960001734,1.0512708137847415
398,0.41385655923963216,1.0588948220428842
399,0.41979761671533566,1.0669906103800093
400,0.42544705193502647,1.0756596755275822
401,0.4308320855243593,1.084964929894195
402,0.4359442155082469,1.094922714324564
403,0.4407513382536802,1.105503888146082
404,0.4452098745877633,1.1166425300752452
405,0.44927490390485825,1.1282495365083391
406,0.4529073190241158,1.1402280968491225
407,0.4560777930841063,1.1524883790565967
408,0.4587678379172296,1.1649594267702335
409,0.46096851789829774,1.1775970062991579
410,0.46267756394953086,1.1903868365195216
411,0.4638957478199851,1.2033432640271862
412,0.4646234012001431,1.216504005706604
413,0.4648578507281777,1.2299220403136617
414,0.46459227328932706,1.2436560272878088
415,0.4638161026961165,1.2577607023030353
416,0.4625167374005185,1.2722785251870141
417,0.4606820179838354,1.2872334831638945
418,0.45830283365102487,1.302627481678688
419,0.4553752855748535,1.3184393022695082
420,0.4519020308149752,1.3346257610466856
421,0.4478926749232107,1.3511245016081472
422,0.44336330094948867,1.3678577953017592
423,0.43833537086923424,1.3847367652727662
424,0.43283429749170255,1.4016655590768976
425,0.42688797001216633,1.4185451364309323
426,0.4205254464490538,1.43527649368773
427,0.4137759254135682,1.4517633013056537
428,0.4066679982338013,1.467914071379943
429,0.3992290750916584,1.4836440809811506
430,0.39148478660272285,1.498877330150314
431,0.3834580965618363,1.5135487863627293
432,0.37516783811948323,1.5276070426410422
433,0.36662642626731023,1.5410172951899515
434,0.35783662866026944,1.5537642597227137
435,0.3487875101998453,1.5658543632947266
436,0.3394499919065951,1.5773163748787633
437,0.32977281949249726,1.588199687365392
438,0.319680003227239,1.5985698111609732
439,0.3090708195635191,1.6085012613615284
440,0.2978231448410422,1.618068759395133
441,0.28580023039565405,1.6273382661317723
442,0.2728601976279307,1.6363595609938166
443,0.2588668176292639,1.6451617642322611
444,0.24369981339643682,1.6537524669123584
445,0.2272630983777787,1.6621202582947432
446,0.20948994740331633,1.6702397304580383
447,0.1903448420881957,1.678077692455044
448,0.16982238356619161,1.6855993646639984
449,0.1479440578069538,1.6927736333382284
450,0.12475374355436196,1.699576859598069
451,0.10031274228931165,1.705995117707729
452,0.07469489457877261,1.7120250098105638
453,0.04798212436479884,1.7176733537798552
454,0.020260578929604686,1.72295608918968
455,-0.008382575863287042,1.7278967273785766
456,-0.03786169791592837,1.732524615792006
457,-0.06809455957412025,1.7368732162039369
458,-0.09900360133859043,1.7409785247493845
459,-0.13051656782747417,1.744877696929516
460,-0.16256655738514797,1.7486078874014355
461,-0.19509153765329063,1.7522052748513104
462,-0.22803340635610733,1.7557042175087456
463,-0.261336704973673,1.7591364746578066
464,-0.29494711798515744,1.7625304326637323
465,-0.32880990754317235,1.7659102886590348
466,-0.36286843934308155,1.7692951686036
467,-0.3970629479032049,1.7726981858452229
468,-0.4313296678410736,1.7761254778432416
469,-0.4656004231490302,1.7795752881239246
470,-0.4998027219306553,1.783037183317024
471,-0.5338603542372949,1.7864915071146932
472,-0.5676944413811075,1.7899091711254478
473,-0.6012248425175721,1.7932518656380831
474,-0.6343717937019501,1.7964727423664837
475,-0.6670576395152031,1.799517579788262
476,-0.699208518731417,1.8023263950896327
477,-0.7307558818659474,1.804835421386243
478,-0.761637746493736,1.8069793311645956
479,-0.7917996320544642,1.8086935620361277
480,-0.8211951562344776,1.8099165921153408
481,-0.8497863180517761,1.810592019975301
482,-0.8775435373801908,1.8106703251652283
483,-0.904445564537325,1.8101102133483993
484,-0.9304794103938296,1.8088794768419854
485,-0.955640464898369,1.8069553192531451
486,-0.979932952845484,1.8043240998536636
487,-1.0033708044967773,1.8009804564577183
488,-1.025978891665858,1.796925781798422
489,-1.047794415989534,1.7921660786675504
490,-1.0688680801294268,1.7867093162665364
491,-1.0892645853956588,1.780562545633411
492,-1.1090620343881739,1.7737291688986543
493,-1.1283499933441266,1.7662068386018157
494,-1.1472262518957883,1.757986435378423
495,-1.1657926261649176,1.7490524126375513
496,-1.1841503846348034,1.7393845333488003
497,-1.2023959582256467,1.7289607306474601
498,-1.2206175049157855,1.7177605921898613
499,-1.2388926751910312,1.7057688685874988
500,-1.2572876476665795,1.6929784598017885
501,-1.2758572584400203,1.6793925072807219
502,-1.2946458900458262,1.665025446875973
503,-1.313688733389701,1.6499030873445095
504,-1.333013072212318,1.6340619218823387
505,-1.3526393307663591,1.6175479378374762
506,-1.3725817368580826,1.6004151728278262
507,-1.3928485583716614,1.5827242008076239
508,-1.4134419572566792,1.5645406500447812
509,-1.4343575651112728,1.5459337822213672
510,-1.4555839186498516,1.5269751140115548
511,-1.477101903596818,1.5077370451516272
512,-1.4988843449156377,1.4882914670144751
513,-1.520895853507079,1.468708353893139
514,-1.5430929994041134,1.44905437374787
515,-1.5654248351422047,1.4293915846889012
516,-1.5878337473952624,1.4097762995335865
517,-1.6102565770727366,1.390258199441577
518,-1.6326259234210627,1.3708797596505937
519,-1.6548715392511453,1.3516760202220401
520,-1.6769217320349754,1.3326746990081202
521,-1.6987047060681455,1.3138966094416595
522,-1.720149808792801,1.2953563174879856
523,-1.7411886733896382,1.2770629532345537
524,-1.7617562738875023,1.2590210839391418
525,-1.7817919236700617,1.2412315560506995
526,-1.8012402507160084,1.2236922220730664
527,-1.8200521727137782,1.206398482469724
528,-1.8381858739603611,1.1893435919755406
529,-1.8556077571266856,1.172518703295506
530,-1.8722933114465792,1.1559126493359613
531,-1.8882278105660795,1.1395114978226204
532,-1.90340673448593,1.1232979484413965
533,-1.9178358066046084,1.1072506797189616
534,-1.9315305530642641,1.0913437856765762
535,-1.9445153286533785,1.0755464637458358
536,-1.9568218084212041,1.0598231176613437
537,-1.9684870091503932,1.0441340156342396
538,-1.9795509682425347,1.0284365927445007
539,-1.9900542562686323,1.0126874109877841
540,-2.0000355225023725,0.9968447010780465
541,-2.009529265165041,0.9808713217575227
542,-2.0185639829046234,0.9647379004067396
543,-2.0271608117650413,0.9484258747114026
544,-2.035332697301995,0.9319301435380503
545,-2.043084108445485,0.9152610529993224
546,-2.0504112763886115,0.8984454827371557
547,-2.057302937798196,0.8815268481605303
548,-2.063741567889321,0.8645638895911198
549,-2.0697050901865572,0.8476281765045056
550,-2.075169029436367,0.8308003169117859
551,-2.0801090197211973,0.8141649351492602
552,-2.084503489141151,0.7978045750530414
553,-2.088336228530184,0.7817928085048998
554,-2.0915984454167478,0.7661869855467063
555,-2.0942898519492066,0.7510212432283785
556,-2.096418387731909,0.7363005661312771
557,-2.0979983714808155,0.7219968049289548
558,-2.0990472045865496,0.7080475325961897
559,-2.099581149687107,0.6943583789987373
560,-2.099611054205023,0.6808090110781825
561,-2.0991390377455,0.6672622843732893
562,-2.0981570142782218,0.6535754402716869
563,-2.0966474844148095,0.6396117681109743
564,-2.094586459102903,0.6252511563603602
565,-2.0919479041069495,0.6103985559564743
