idx,s,kappa
0,0.0000,0.000000
1,0.0500,0.000000
2,0.1000,0.000000
3,0.1500,0.000000
4,0.2000,0.000000
5,0.2500,0.000000
6,0.3000,0.000000
7,0.3500,0.000000
8,0.4000,0.000000
9,0.4500,0.000000
10,0.5000,0.250698
11,0.5500,0.556428
12,0.6000,0.868273
13,0.6500,1.021138
14,0.7000,1.021138
15,0.7500,1.021138
16,0.8000,1.021138
17,0.8500,1.021138
18,0.9000,1.021138
19,0.9500,1.021138
20,1.0000,1.021138
21,1.0500,1.021138
22,1.1000,1.021138
23,1.1500,1.021138
24,1.2000,1.021138
25,1.2500,1.021138
26,1.3000,1.021138
27,1.3500,1.021138
28,1.4000,1.021138
29,1.4500,1.021138
30,1.5000,1.021138
31,1.5500,1.021138
32,1.6000,1.021138
33,1.6500,1.021138
34,1.7000,1.021138
35,1.7500,1.021138
36,1.8000,1.021138
37,1.8500,1.021138
38,1.9000,1.021138
39,1.9500,1.021138
40,2.0000,1.021138
41,2.0500,1.021138
42,2.1000,1.021138
43,2.1500,1.021138
44,2.2000,1.021138
45,2.2500,1.021138
46,2.3000,1.021138
47,2.3500,1.021138
48,2.4000,1.021138
49,2.4500,0.891103
50,2.5000,0.300039
51,2.5500,-0.291025
52,2.6000,-0.882089
53,2.6500,-0.953016
54,2.7000,-0.953016
55,2.7500,-0.953016
56,2.8000,-0.953016
57,2.8500,-0.953016
58,2.9000,-0.953016
59,2.9500,-0.953016
60,3.0000,-0.953016
61,3.0500,-0.953016
62,3.1000,-0.953016
63,3.1500,-0.953016
64,3.2000,-0.953016
65,3.2500,-0.953016
66,3.3000,-0.953016
67,3.3500,-0.953016
68,3.4000,-0.799340
69,3.4500,-0.208276
70,3.5000,0.382788
71,3.5500,0.973852
72,3.6000,1.021138
73,3.6500,1.021138
74,3.7000,1.021138
75,3.7500,1.021138
76,3.8000,1.021138
77,3.8500,1.021138
78,3.9000,1.021138
79,3.9500,1.021138
80,4.0000,1.021138
81,4.0500,1.021138
82,4.1000,1.021138
83,4.1500,1.021138
84,4.2000,1.021138
85,4.2500,1.021138
86,4.3000,1.021138
87,4.3500,1.021138
88,4.4000,1.021138
89,4.4500,1.021138
90,4.5000,1.021138
91,4.5500,1.021138
92,4.6000,1.021138
93,4.6500,1.021138
94,4.7000,1.021138
95,4.7500,1.021138
96,4.8000,1.021138
97,4.8500,1.021138
98,4.9000,1.021138
99,4.9500,1.021138
100,5.0000,1.021138
101,5.0500,1.021138
102,5.1000,1.021138
103,5.1500,1.021138
104,5.2000,1.021138
105,5.2500,1.021138
106,5.3000,1.021138
107,5.3500,1.021138
108,5.4000,0.831585
109,5.4500,0.525855
110,5.5000,0.220125
111,5.5500,0.000000
112,5.6000,0.000000
113,5.6500,0.000000
114,5.7000,0.000000
115,5.7500,0.000000
116,5.8000,0.000000
117,5.8500,0.000000
118,5.9000,0.000000
119,5.9500,0.000000
120,6.0000,0.000000
121,6.0500,0.000000
122,6.1000,0.000000
123,6.1500,0.000000
124,6.2000,0.000000
125,6.2500,0.000000
126,6.3000,0.000000
127,6.3500,0.000000
128,6.4000,0.000000
129,6.4500,0.000000
130,6.5000,0.293501
131,6.5500,0.599230
132,6.6000,0.904960
133,6.6500,1.021138
134,6.7000,1.021138
135,6.7500,1.021138
136,6.8000,1.021138
137,6.8500,1.021138
138,6.9000,1.021138
139,6.9500,1.021138
140,7.0000,1.021138
141,7.0500,1.021138
142,7.1000,1.021138
143,7.1500,1.021138
144,7.2000,1.021138
145,7.2500,1.021138
146,7.3000,1.021138
147,7.3500,1.021138
148,7.4000,1.021138
149,7.4500,1.021138
150,7.5000,1.021138
151,7.5500,1.021138
152,7.6000,1.021138
153,7.6500,1.021138
154,7.7000,1.021138
155,7.7500,1.021138
156,7.8000,1.021138
157,7.8500,1.021138
158,7.9000,1.021138
159,7.9500,1.021138
160,8.0000,1.021138
161,8.0500,1.021138
162,8.1000,1.021138
163,8.1500,1.021138
164,8.2000,1.021138
165,8.2500,1.021138
166,8.3000,1.021138
167,8.3500,1.021138
168,8.4000,1.021138
169,8.4500,0.820176
170,8.5000,0.229112
171,8.5500,-0.361952
172,8.6000,-0.953016
173,8.6500,-0.953016
174,8.7000,-0.953016
175,8.7500,-0.953016
176,8.8000,-0.953016
177,8.8500,-0.953016
178,8.9000,-0.953016
179,8.9500,-0.953016
180,9.0000,-0.953016
181,9.0500,-0.953016
182,9.1000,-0.953016
183,9.1500,-0.953016
184,9.2000,-0.953016
185,9.2500,-0.953016
186,9.3000,-0.953016
187,9.3500,-0.953016
188,9.4000,-0.728412
189,9.4500,-0.137348
190,9.5000,0.453716
191,9.5500,1.021138
192,9.6000,1.021138
193,9.6500,1.021138
194,9.7000,1.021138
195,9.7500,1.021138
196,9.8000,1.021138
197,9.8500,1.021138
198,9.9000,1.021138
199,9.9500,1.021138
200,10.0000,1.021138
201,10.0500,1.021138
202,10.1000,1.021138
203,10.1500,1.021138
204,10.2000,1.021138
205,10.2500,1.021138
206,10.3000,1.021138
207,10.3500,1.021138
208,10.4000,1.021138
209,10.4500,1.021138
210,10.5000,1.021138
211,10.5500,1.021138
212,10.6000,1.021138
213,10.6500,1.021138
214,10.7000,1.021138
215,10.7500,1.021138
216,10.8000,1.021138
217,10.8500,1.021138
218,10.9000,1.021138
219,10.9500,1.021138
220,11.0000,1.021138
221,11.0500,1.021138
222,11.1000,1.021138
223,11.1500,1.021138
224,11.2000,1.021138
225,11.2500,1.021138
226,11.3000,1.021138
227,11.3500,1.021138
228,11.4000,0.782668
229,11.4500,0.476938
230,11.5000,0.171209
231,11.5500,0.000000
232,11.6000,0.000000
233,11.6500,0.000000
234,11.7000,0.000000
235,11.7500,0.000000
236,11.8000,0.000000
237,11.8500,0.000000
238,11.9000,0.000000
239,11.9500,0.000000
