s,x,y,heading,curvature,track_width
0.0,0.4079461877964882,-1.6685531665272093,-2.7560382709302935,-0.1309441448901464,0.4578688145415638
0.20477677586017395,0.20391550167208064,-1.7477634634303234,-2.78827344012077,-0.17887740500257657,0.4581820530473356
0.4095535517203479,-0.0001079247980725487,-1.8176511529828965,-2.839610526606564,-0.3106971956889562,0.45808496404764526
0.6143303275805219,-0.2024575681615456,-1.8721068054572658,-2.9250025105465047,-0.5168027631005185,0.44750594691288026
0.8191071034406958,-0.40181466158127394,-1.903462348596016,-3.055007141032941,-0.7783100751695988,0.4416027843650525
1.0238838793008698,-0.596566092398839,-1.9038573683292916,3.0506631074054877,-1.0345996313988237,0.4626202290050177
1.2286606551610437,-0.7841622996977538,-1.8666054094921152,2.8356678209559347,-1.1837707974568759,0.4921882436536642
1.4334374310212177,-0.9604751718667488,-1.787560276541705,2.6048749977156485,-1.1770050074689706,0.47371683330679043
1.6382142068813916,-1.119166383331276,-1.6664764042982545,2.377610764635355,-1.092924236784285,0.46073291386027687
1.8429909827415656,-1.2517389893735484,-1.507981103468416,2.1599583191258835,-1.0101255362529966,0.45865895615059066
2.0477677586017395,-1.3504811033777295,-1.320903956799654,1.9570399590884346,-0.8923262743454919,0.45967418796283466
2.2525445344619133,-1.4132643973587544,-1.1165525803199665,1.7896632893973334,-0.6392238340895289,0.46406659879395984
2.4573213103220874,-1.4482774493430701,-0.9069015349269589,1.6991666357073736,-0.1810645827881619,0.47809835535895273
2.6620980861822616,-1.4747984713026956,-0.7027149158982474,1.7213867854238738,0.4187651391840007,0.44740180753361475
2.8668748620424354,-1.5158505832997333,-0.5115330769275891,1.8619212914951893,0.9798375307695936,0.44701038053079933
3.071651637902609,-1.5882905961174032,-0.335617947975361,2.060681591564221,0.9723005635795214,0.4478089977589551
3.2764284137627833,-1.693928407253306,-0.17032917056092203,2.19934821883057,0.40536390440711895,0.4507071749023615
3.4812051896229574,-1.8187515223392534,-0.005685421023915876,2.2189153853552415,-0.1948937217165058,0.4782290373557342
3.685981965483131,-1.9405100271184634,0.16878873944849054,2.124636981516688,-0.6619852151175506,0.4640794738079324
3.890758741343305,-2.0374821334049913,0.3587731912906518,1.951592470339125,-0.9240305961311317,0.46198751575230307
4.095535517203479,-2.095428704740315,0.5614667474905516,1.7430506962428785,-1.0353557317537765,0.46173784995144174
4.300312293063653,-2.1084138079119175,0.7673253712693255,1.522361991649866,-1.0991917510647469,0.4636838934044934
4.5050890689238265,-2.076435164166954,0.9646210947636773,1.2956939021588276,-1.1625926240828133,0.4756873314311232
4.709865844784001,-2.0029161669391247,1.1440249922952928,1.068090609556402,-1.1597960989323441,0.48984033717011444
4.914642620644175,-1.8928738801742313,1.3012349015184115,0.8567693706631502,-1.0147936963218054,0.4626883282429733
5.119419396504349,-1.752209508638738,1.436356451573693,0.68194680333496,-0.7676282792549373,0.44360713935229296
5.324196172364523,-1.5872829858397037,1.5524622955338825,0.5534686040851872,-0.5122518294080816,0.45007290434337294
5.5289729482246965,-1.4044925527078167,1.6541369073215841,0.46887258344117017,-0.3086798297266851,0.4569474346901296
5.733749724084871,-1.2098543362804306,1.7460213786270318,0.4179397512937354,-0.17802405880321498,0.4564256782337649
5.938526499945045,-1.0085819283846134,1.831358215825879,0.385794030553667,-0.13140453999115337,0.45779955837278075
6.143303275805218,-0.8046755138612671,1.9105613520546703,0.353411546718616,-0.17986351703486184,0.45812180996526886
6.348080051665392,-0.6007485103321752,1.9804132984292142,0.30186309075416823,-0.31182131596291734,0.458333470664655
6.5528568275255665,-0.39844054369586673,2.0348104898554196,0.2162910563686899,-0.5174733944185747,0.44792199411429195
6.757633603385741,-0.19905503696606766,2.0661017128328054,0.08625508326071024,-0.7776541201602918,0.44185021723057927
6.962410379245915,-0.004205058178799469,2.066448340978019,-0.09104006437238622,-1.0320701150070621,0.4625726139762312
7.167187155106088,0.1835408317005258,2.0291845705483453,-0.3056093514485621,-1.180491423118043,0.49188689901572946
7.371963930966262,0.3600127308700141,1.9501776559652284,-0.5360616519385359,-1.1756329976067479,0.4742258783974326
7.5767407068264365,0.5188050889114348,1.82918171415924,-0.7634470106470936,-1.0952105042628288,0.4613371578928882
7.78151748268661,0.6513532638375169,1.67079537222415,-0.9817538613307283,-1.0146682562796694,0.45916012463990136
7.986294258546784,0.7499311561664084,1.4837915328565872,-1.1854453347632101,-0.8957206578094773,0.45991283113125786
8.191071034406958,0.8124724727992687,1.279430849766366,-1.3530712920106607,-0.6382493969518136,0.4639490970873745
8.395847810267131,0.8473046846401905,1.0696923638045623,-1.4429793807379871,-0.17686829521730799,0.478207990518774
8.600624586127307,0.873820855467229,0.865406720775957,-1.4197954858941224,0.4234885871682226,0.4479664426256496
8.80540136198748,0.915050906912023,0.674195167634837,-1.2784215679241584,0.9826183254468909,0.4472972890996057
9.010178137847653,0.9877447216674903,0.4983506836432575,-1.0795827854229905,0.9699777904191446,0.44764232551343275
9.214954913707828,1.0935417264762908,0.3331769424259301,-0.9416384431360192,0.40094654211476477,0.45028632042778893
9.419731689568001,1.2183444786545072,0.168605071570265,-0.9230121654084668,-0.1992795105312466,0.47848565715429336
9.624508465428177,1.3399326753486236,-0.00589723943536208,-1.0179957518895437,-0.6639684566515451,0.46434352387301986
9.82928524128835,1.4366980367798536,-0.19599181770176785,-1.1910087410844512,-0.9219362985635575,0.46186927384448895
10.034062017148523,1.4945164635419657,-0.398803560530344,-1.3989500955128205,-1.0315348689906827,0.46135712548085267
10.238838793008698,1.5074928856138974,-0.6047308903965593,-1.618986137510255,-1.0964256156673893,0.4632007173286937
10.443615568868871,1.4756053391841015,-0.8020278106140388,-1.8453258423202605,-1.162306815138389,0.4752375321424922
10.648392344729046,1.402225306209539,-0.9813920118761722,-2.0729612183186967,-1.1612853086337693,0.48995185257125823
10.85316912058922,1.2923196815789606,-1.1385539189679645,-2.2844985660371444,-1.016671771448536,0.4628196719144769
11.057945896449393,1.1517544356842873,-1.2736347259368668,-2.459554036743404,-0.7689836274842703,0.44355182185046915
11.262722672309568,0.9868690382273865,-1.3897103527278944,-2.5882078947349845,-0.5130045827330405,0.44976385402834457
11.467499448169741,0.8040553660603259,-1.491362251211242,-2.672920467910061,-0.3090485637986209,0.45649695635270143
11.672276224029915,0.6093366110256206,-1.5832282112098892,-2.7239150250044823,-0.17808180161423834,0.4562403444204756
11.87705299989009,0.40794618779648834,-1.6685531665272098,-2.7560382709302935,-0.1309441448901464,0.4563487724942176
