x_m,y_m,w_tr_right_m,w_tr_left_m
0.405272,-1.646892,0.250000,0.250000
0.414532,-1.643115,0.250000,0.250000
0.423791,-1.639338,0.250000,0.250000
0.433051,-1.635562,0.250000,0.250000
0.442310,-1.631785,0.250000,0.250000
0.451569,-1.628008,0.250000,0.250000
0.460829,-1.624232,0.250000,0.250000
0.470088,-1.620455,0.250000,0.250000
0.479348,-1.616679,0.250000,0.250000
0.488607,-1.612902,0.250000,0.250000
0.497867,-1.609125,0.250000,0.250000
0.507126,-1.605349,0.250000,0.250000
0.516385,-1.601572,0.250000,0.250000
0.525645,-1.597795,0.250000,0.250000
0.534904,-1.594019,0.250000,0.250000
0.544164,-1.590242,0.250000,0.250000
0.553423,-1.586465,0.250000,0.250000
0.562683,-1.582689,0.250000,0.250000
0.571942,-1.578912,0.250000,0.250000
0.581201,-1.575136,0.250000,0.250000
0.590461,-1.571359,0.250000,0.250000
0.599720,-1.567582,0.250000,0.250000
0.608980,-1.563806,0.250000,0.250000
0.618239,-1.560029,0.250000,0.250000
0.627499,-1.556252,0.250000,0.250000
0.636758,-1.552476,0.250000,0.250000
0.646017,-1.548699,0.250000,0.250000
0.655277,-1.544923,0.250000,0.250000
0.664536,-1.541146,0.250000,0.250000
0.673796,-1.537369,0.250000,0.250000
0.683055,-1.533593,0.250000,0.250000
0.692315,-1.529816,0.250000,0.250000
0.701574,-1.526039,0.250000,0.250000
0.710833,-1.522263,0.250000,0.250000
0.720093,-1.518486,0.250000,0.250000
0.729352,-1.514709,0.250000,0.250000
0.738612,-1.510933,0.250000,0.250000
0.747871,-1.507156,0.250000,0.250000
0.757131,-1.503380,0.250000,0.250000
0.766390,-1.499603,0.250000,0.250000
0.775649,-1.495826,0.250000,0.250000
0.784909,-1.492050,0.250000,0.250000
0.794168,-1.488273,0.250000,0.250000
0.803428,-1.484496,0.250000,0.250000
0.812687,-1.480720,0.250000,0.250000
0.821947,-1.476943,0.250000,0.250000
0.831206,-1.473167,0.250000,0.250000
0.840465,-1.469388,0.250000,0.250000
0.849721,-1.465603,0.250000,0.250000
0.858972,-1.461806,0.250000,0.250000
0.868215,-1.457990,0.250000,0.250000
0.877449,-1.454151,0.250000,0.250000
0.886670,-1.450282,0.250000,0.250000
0.895877,-1.446379,0.250000,0.250000
0.905066,-1.442435,0.250000,0.250000
0.914236,-1.438445,0.250000,0.250000
0.923382,-1.434403,0.250000,0.250000
0.932504,-1.430304,0.250000,0.250000
0.941597,-1.426143,0.250000,0.250000
0.950659,-1.421915,0.250000,0.250000
0.959686,-1.417613,0.250000,0.250000
0.968676,-1.413233,0.250000,0.250000
0.977625,-1.408770,0.250000,0.250000
0.986529,-1.404218,0.250000,0.250000
0.995386,-1.399576,0.250000,0.250000
1.004196,-1.394844,0.250000,0.250000
1.012956,-1.390022,0.250000,0.250000
1.021667,-1.385111,0.250000,0.250000
1.030327,-1.380111,0.250000,0.250000
1.038936,-1.375023,0.250000,0.250000
1.047492,-1.369847,0.250000,0.250000
1.055995,-1.364584,0.250000,0.250000
1.064444,-1.359235,0.250000,0.250000
1.072838,-1.353799,0.250000,0.250000
1.081176,-1.348279,0.250000,0.250000
1.089457,-1.342673,0.250000,0.250000
1.097680,-1.336983,0.250000,0.250000
1.105845,-1.331209,0.250000,0.250000
1.113950,-1.325353,0.250000,0.250000
1.121996,-1.319414,0.250000,0.250000
1.129980,-1.313393,0.250000,0.250000
1.137902,-1.307290,0.250000,0.250000
1.145762,-1.301108,0.250000,0.250000
1.153558,-1.294845,0.250000,0.250000
1.161289,-1.288503,0.250000,0.250000
1.168956,-1.282082,0.250000,0.250000
1.176556,-1.275584,0.250000,0.250000
1.184090,-1.269008,0.250000,0.250000
1.191556,-1.262355,0.250000,0.250000
1.198954,-1.255627,0.250000,0.250000
1.206283,-1.248824,0.250000,0.250000
1.213542,-1.241946,0.250000,0.250000
1.220730,-1.234994,0.250000,0.250000
1.227847,-1.227969,0.250000,0.250000
1.234892,-1.220872,0.250000,0.250000
1.241864,-1.213703,0.250000,0.250000
1.248763,-1.206464,0.250000,0.250000
1.255587,-1.199154,0.250000,0.250000
1.262336,-1.191776,0.250000,0.250000
1.269010,-1.184328,0.250000,0.250000
1.275607,-1.176813,0.250000,0.250000
1.282127,-1.169231,0.250000,0.250000
1.288569,-1.161583,0.250000,0.250000
1.294933,-1.153869,0.250000,0.250000
1.301218,-1.146091,0.250000,0.250000
1.307423,-1.138249,0.250000,0.250000
1.313547,-1.130344,0.250000,0.250000
1.319591,-1.122377,0.250000,0.250000
1.325553,-1.114348,0.250000,0.250000
1.331432,-1.106259,0.250000,0.250000
1.337229,-1.098111,0.250000,0.250000
1.342942,-1.089904,0.250000,0.250000
1.348571,-1.081639,0.250000,0.250000
1.354116,-1.073316,0.250000,0.250000
1.359575,-1.064938,0.250000,0.250000
1.364948,-1.056504,0.250000,0.250000
1.370235,-1.048016,0.250000,0.250000
1.375435,-1.039475,0.250000,0.250000
1.380547,-1.030880,0.250000,0.250000
1.385572,-1.022234,0.250000,0.250000
1.390508,-1.013537,0.250000,0.250000
1.395355,-1.004790,0.250000,0.250000
1.400112,-0.995995,0.250000,0.250000
1.404779,-0.987151,0.250000,0.250000
1.409356,-0.978259,0.250000,0.250000
1.413841,-0.969322,0.250000,0.250000
1.418235,-0.960339,0.250000,0.250000
1.422537,-0.951312,0.250000,0.250000
1.426747,-0.942241,0.250000,0.250000
1.430864,-0.933128,0.250000,0.250000
1.434888,-0.923973,0.250000,0.250000
1.438818,-0.914778,0.250000,0.250000
1.442653,-0.905543,0.250000,0.250000
1.446395,-0.896269,0.250000,0.250000
1.450041,-0.886958,0.250000,0.250000
1.453592,-0.877610,0.250000,0.250000
1.457048,-0.868226,0.250000,0.250000
1.460407,-0.858807,0.250000,0.250000
1.463671,-0.849354,0.250000,0.250000
1.466837,-0.839869,0.250000,0.250000
1.469907,-0.830352,0.250000,0.250000
1.472879,-0.820804,0.250000,0.250000
1.475753,-0.811226,0.250000,0.250000
1.478530,-0.801619,0.250000,0.250000
1.481208,-0.791984,0.250000,0.250000
1.483788,-0.782323,0.250000,0.250000
1.486269,-0.772636,0.250000,0.250000
1.488651,-0.762923,0.250000,0.250000
1.490933,-0.753187,0.250000,0.250000
1.493116,-0.743429,0.250000,0.250000
1.495200,-0.733648,0.250000,0.250000
1.497183,-0.723847,0.250000,0.250000
1.499066,-0.714026,0.250000,0.250000
1.500849,-0.704186,0.250000,0.250000
1.502531,-0.694329,0.250000,0.250000
1.504113,-0.684454,0.250000,0.250000
1.505593,-0.674565,0.250000,0.250000
1.506973,-0.664660,0.250000,0.250000
1.508251,-0.654742,0.250000,0.250000
1.509428,-0.644812,0.250000,0.250000
1.510503,-0.634870,0.250000,0.250000
1.511477,-0.624918,0.250000,0.250000
1.512349,-0.614956,0.250000,0.250000
1.513120,-0.604986,0.250000,0.250000
1.513789,-0.595008,0.250000,0.250000
1.514355,-0.585024,0.250000,0.250000
1.514820,-0.575035,0.250000,0.250000
1.515183,-0.565042,0.250000,0.250000
1.515443,-0.555045,0.250000,0.250000
1.515602,-0.545046,0.250000,0.250000
1.515658,-0.535047,0.250000,0.250000
1.515613,-0.525047,0.250000,0.250000
1.515465,-0.515048,0.250000,0.250000
1.515215,-0.505051,0.250000,0.250000
1.514863,-0.495057,0.250000,0.250000
1.514409,-0.485068,0.250000,0.250000
1.513853,-0.475083,0.250000,0.250000
1.513195,-0.465105,0.250000,0.250000
1.512435,-0.455134,0.250000,0.250000
1.511574,-0.445171,0.250000,0.250000
1.510611,-0.435217,0.250000,0.250000
1.509546,-0.425274,0.250000,0.250000
1.508380,-0.415343,0.250000,0.250000
1.507112,-0.405423,0.250000,0.250000
1.505743,-0.395518,0.250000,0.250000
1.504273,-0.385626,0.250000,0.250000
1.502702,-0.375750,0.250000,0.250000
1.501031,-0.365891,0.250000,0.250000
1.499259,-0.356049,0.250000,0.250000
1.497386,-0.346226,0.250000,0.250000
1.495413,-0.336423,0.250000,0.250000
1.493340,-0.326640,0.250000,0.250000
1.491168,-0.316879,0.250000,0.250000
1.488896,-0.307141,0.250000,0.250000
1.486524,-0.297426,0.250000,0.250000
1.484054,-0.287736,0.250000,0.250000
1.481484,-0.278072,0.250000,0.250000
1.478816,-0.268434,0.250000,0.250000
1.476050,-0.258825,0.250000,0.250000
1.473186,-0.249244,0.250000,0.250000
1.470224,-0.239692,0.250000,0.250000
1.467165,-0.230172,0.250000,0.250000
1.464008,-0.220683,0.250000,0.250000
1.460755,-0.211227,0.250000,0.250000
1.457406,-0.201805,0.250000,0.250000
1.453961,-0.192417,0.250000,0.250000
1.450419,-0.183065,0.250000,0.250000
1.446783,-0.173750,0.250000,0.250000
1.443052,-0.164472,0.250000,0.250000
1.439226,-0.155233,0.250000,0.250000
1.435306,-0.146033,0.250000,0.250000
1.431292,-0.136874,0.250000,0.250000
1.427185,-0.127757,0.250000,0.250000
1.422985,-0.118681,0.250000,0.250000
1.418692,-0.109649,0.250000,0.250000
1.414308,-0.100662,0.250000,0.250000
1.409832,-0.091720,0.250000,0.250000
1.405265,-0.082824,0.250000,0.250000
1.400607,-0.073974,0.250000,0.250000
1.395859,-0.065173,0.250000,0.250000
1.391022,-0.056421,0.250000,0.250000
1.386096,-0.047719,0.250000,0.250000
1.381080,-0.039068,0.250000,0.250000
1.375977,-0.030468,0.250000,0.250000
1.370786,-0.021921,0.250000,0.250000
1.365509,-0.013427,0.250000,0.250000
1.360144,-0.004987,0.250000,0.250000
1.354694,0.003397,0.250000,0.250000
1.349159,0.011725,0.250000,0.250000
1.343539,0.019996,0.250000,0.250000
1.337834,0.028209,0.250000,0.250000
1.332046,0.036364,0.250000,0.250000
1.326176,0.044459,0.250000,0.250000
1.320222,0.052494,0.250000,0.250000
1.314187,0.060468,0.250000,0.250000
1.308071,0.068379,0.250000,0.250000
1.301875,0.076228,0.250000,0.250000
1.295598,0.084013,0.250000,0.250000
1.289243,0.091733,0.250000,0.250000
1.282809,0.099389,0.250000,0.250000
1.276297,0.106978,0.250000,0.250000
1.269708,0.114500,0.250000,0.250000
1.263042,0.121954,0.250000,0.250000
1.256301,0.129341,0.250000,0.250000
1.249485,0.136657,0.250000,0.250000
1.242596,0.143906,0.250000,0.250000
1.235643,0.151093,0.250000,0.250000
1.228634,0.158226,0.250000,0.250000
1.221579,0.165313,0.250000,0.250000
1.214486,0.172362,0.250000,0.250000
1.207364,0.179382,0.250000,0.250000
1.200220,0.186380,0.250000,0.250000
1.193064,0.193365,0.250000,0.250000
1.185904,0.200345,0.250000,0.250000
1.178747,0.207329,0.250000,0.250000
1.171602,0.214326,0.250000,0.250000
1.164478,0.221343,0.250000,0.250000
1.157382,0.228390,0.250000,0.250000
1.150324,0.235474,0.250000,0.250000
1.143312,0.242603,0.250000,0.250000
1.136354,0.249786,0.250000,0.250000
1.129460,0.257029,0.250000,0.250000
1.122635,0.264338,0.250000,0.250000
1.115880,0.271711,0.250000,0.250000
1.109195,0.279149,0.250000,0.250000
1.102582,0.286650,0.250000,0.250000
1.096040,0.294213,0.250000,0.250000
1.089571,0.301839,0.250000,0.250000
1.083175,0.309526,0.250000,0.250000
1.076852,0.317273,0.250000,0.250000
1.070603,0.325080,0.250000,0.250000
1.064430,0.332947,0.250000,0.250000
1.058331,0.340872,0.250000,0.250000
1.052308,0.348855,0.250000,0.250000
1.046362,0.356894,0.250000,0.250000
1.040492,0.364991,0.250000,0.250000
1.034700,0.373142,0.250000,0.250000
1.028986,0.381349,0.250000,0.250000
1.023350,0.389609,0.250000,0.250000
1.017793,0.397923,0.250000,0.250000
1.012316,0.406290,0.250000,0.250000
1.006918,0.414708,0.250000,0.250000
1.001601,0.423178,0.250000,0.250000
0.996366,0.431697,0.250000,0.250000
0.991211,0.440266,0.250000,0.250000
0.986139,0.448884,0.250000,0.250000
0.981148,0.457550,0.250000,0.250000
0.976241,0.466263,0.250000,0.250000
0.971417,0.475023,0.250000,0.250000
0.966676,0.483827,0.250000,0.250000
0.962020,0.492677,0.250000,0.250000
0.957448,0.501571,0.250000,0.250000
0.952962,0.510508,0.250000,0.250000
0.948560,0.519487,0.250000,0.250000
0.944244,0.528508,0.250000,0.250000
0.940015,0.537569,0.250000,0.250000
0.935872,0.546671,0.250000,0.250000
0.931816,0.555811,0.250000,0.250000
0.927847,0.564990,0.250000,0.250000
0.923966,0.574206,0.250000,0.250000
0.920173,0.583459,0.250000,0.250000
0.916468,0.592747,0.250000,0.250000
0.912852,0.602070,0.250000,0.250000
0.909325,0.611428,0.250000,0.250000
0.905888,0.620818,0.250000,0.250000
0.902540,0.630241,0.250000,0.250000
0.899282,0.639695,0.250000,0.250000
0.896114,0.649180,0.250000,0.250000
0.893036,0.658695,0.250000,0.250000
0.890050,0.668239,0.250000,0.250000
0.887155,0.677810,0.250000,0.250000
0.884351,0.687409,0.250000,0.250000
0.881638,0.697034,0.250000,0.250000
0.879018,0.706685,0.250000,0.250000
0.876489,0.716360,0.250000,0.250000
0.874053,0.726058,0.250000,0.250000
0.871709,0.735780,0.250000,0.250000
0.869458,0.745523,0.250000,0.250000
0.867300,0.755287,0.250000,0.250000
0.865236,0.765072,0.250000,0.250000
0.863264,0.774876,0.250000,0.250000
0.861386,0.784698,0.250000,0.250000
0.859602,0.794537,0.250000,0.250000
0.857912,0.804393,0.250000,0.250000
0.856315,0.814265,0.250000,0.250000
0.854813,0.824151,0.250000,0.250000
0.853405,0.834052,0.250000,0.250000
0.852092,0.843965,0.250000,0.250000
0.850873,0.853890,0.250000,0.250000
0.849748,0.863827,0.250000,0.250000
0.848719,0.873774,0.250000,0.250000
0.847784,0.883730,0.250000,0.250000
0.846944,0.893695,0.250000,0.250000
0.846199,0.903667,0.250000,0.250000
0.845549,0.913646,0.250000,0.250000
0.844995,0.923630,0.250000,0.250000
0.844535,0.933620,0.250000,0.250000
0.844171,0.943613,0.250000,0.250000
0.843902,0.953609,0.250000,0.250000
0.843728,0.963608,0.250000,0.250000
0.843646,0.973607,0.250000,0.250000
0.843643,0.983607,0.250000,0.250000
0.843708,0.993607,0.250000,0.250000
0.843830,1.003606,0.250000,0.250000
0.843996,1.013605,0.250000,0.250000
0.844195,1.023603,0.250000,0.250000
0.844415,1.033601,0.250000,0.250000
0.844643,1.043598,0.250000,0.250000
0.844869,1.053595,0.250000,0.250000
0.845080,1.063593,0.250000,0.250000
0.845265,1.073591,0.250000,0.250000
0.845411,1.083590,0.250000,0.250000
0.845507,1.093590,0.250000,0.250000
0.845542,1.103590,0.250000,0.250000
0.845503,1.113590,0.250000,0.250000
0.845378,1.123589,0.250000,0.250000
0.845156,1.133586,0.250000,0.250000
0.844832,1.143581,0.250000,0.250000
0.844406,1.153572,0.250000,0.250000
0.843878,1.163558,0.250000,0.250000
0.843249,1.173538,0.250000,0.250000
0.842517,1.183511,0.250000,0.250000
0.841683,1.193476,0.250000,0.250000
0.840748,1.203433,0.250000,0.250000
0.839711,1.213379,0.250000,0.250000
0.838573,1.223314,0.250000,0.250000
0.837333,1.233236,0.250000,0.250000
0.835993,1.243146,0.250000,0.250000
0.834550,1.253041,0.250000,0.250000
0.833007,1.262922,0.250000,0.250000
0.831364,1.272786,0.250000,0.250000
0.829619,1.282632,0.250000,0.250000
0.827774,1.292461,0.250000,0.250000
0.825829,1.302269,0.250000,0.250000
0.823784,1.312058,0.250000,0.250000
0.821639,1.321825,0.250000,0.250000
0.819394,1.331570,0.250000,0.250000
0.817050,1.341291,0.250000,0.250000
0.814607,1.350988,0.250000,0.250000
0.812064,1.360660,0.250000,0.250000
0.809424,1.370305,0.250000,0.250000
0.806685,1.379922,0.250000,0.250000
0.803847,1.389511,0.250000,0.250000
0.800912,1.399071,0.250000,0.250000
0.797880,1.408600,0.250000,0.250000
0.794750,1.418097,0.250000,0.250000
0.791524,1.427563,0.250000,0.250000
0.788201,1.436994,0.250000,0.250000
0.784782,1.446392,0.250000,0.250000
0.781267,1.455754,0.250000,0.250000
0.777657,1.465079,0.250000,0.250000
0.773952,1.474367,0.250000,0.250000
0.770152,1.483617,0.250000,0.250000
0.766258,1.492828,0.250000,0.250000
0.762270,1.501998,0.250000,0.250000
0.758189,1.511127,0.250000,0.250000
0.754014,1.520214,0.250000,0.250000
0.749747,1.529258,0.250000,0.250000
0.745388,1.538258,0.250000,0.250000
0.740937,1.547213,0.250000,0.250000
0.736395,1.556122,0.250000,0.250000
0.731763,1.564984,0.250000,0.250000
0.727040,1.573798,0.250000,0.250000
0.722227,1.582564,0.250000,0.250000
0.717325,1.591280,0.250000,0.250000
0.712334,1.599945,0.250000,0.250000
0.707255,1.608560,0.250000,0.250000
0.702089,1.617121,0.250000,0.250000
0.696835,1.625630,0.250000,0.250000
0.691494,1.634085,0.250000,0.250000
0.686068,1.642484,0.250000,0.250000
0.680556,1.650828,0.250000,0.250000
0.674959,1.659115,0.250000,0.250000
0.669278,1.667344,0.250000,0.250000
0.663513,1.675515,0.250000,0.250000
0.657665,1.683627,0.250000,0.250000
0.651734,1.691678,0.250000,0.250000
0.645722,1.699669,0.250000,0.250000
0.639628,1.707598,0.250000,0.250000
0.633453,1.715464,0.250000,0.250000
0.627199,1.723266,0.250000,0.250000
0.620865,1.731005,0.250000,0.250000
0.614453,1.738678,0.250000,0.250000
0.607962,1.746285,0.250000,0.250000
0.601394,1.753826,0.250000,0.250000
0.594750,1.761299,0.250000,0.250000
0.588029,1.768705,0.250000,0.250000
0.581234,1.776041,0.250000,0.250000
0.574363,1.783307,0.250000,0.250000
0.567419,1.790503,0.250000,0.250000
0.560402,1.797627,0.250000,0.250000
0.553313,1.804679,0.250000,0.250000
0.546151,1.811659,0.250000,0.250000
0.538919,1.818565,0.250000,0.250000
0.531617,1.825397,0.250000,0.250000
0.524245,1.832154,0.250000,0.250000
0.516805,1.838836,0.250000,0.250000
0.509297,1.845441,0.250000,0.250000
0.501722,1.851969,0.250000,0.250000
0.494080,1.858419,0.250000,0.250000
0.486373,1.864791,0.250000,0.250000
0.478602,1.871084,0.250000,0.250000
0.470766,1.877297,0.250000,0.250000
0.462868,1.883430,0.250000,0.250000
0.454907,1.889482,0.250000,0.250000
0.446885,1.895453,0.250000,0.250000
0.438802,1.901341,0.250000,0.250000
0.430660,1.907146,0.250000,0.250000
0.422459,1.912868,0.250000,0.250000
0.414200,1.918506,0.250000,0.250000
0.405883,1.924059,0.250000,0.250000
0.397511,1.929527,0.250000,0.250000
0.389083,1.934910,0.250000,0.250000
0.380600,1.940205,0.250000,0.250000
0.372064,1.945414,0.250000,0.250000
0.363475,1.950536,0.250000,0.250000
0.354835,1.955570,0.250000,0.250000
0.346143,1.960515,0.250000,0.250000
0.337401,1.965371,0.250000,0.250000
0.328610,1.970137,0.250000,0.250000
0.319771,1.974814,0.250000,0.250000
0.310885,1.979400,0.250000,0.250000
0.301952,1.983895,0.250000,0.250000
0.292974,1.988299,0.250000,0.250000
0.283951,1.992610,0.250000,0.250000
0.274885,1.996830,0.250000,0.250000
0.265776,2.000956,0.250000,0.250000
0.256626,2.004990,0.250000,0.250000
0.247435,2.008929,0.250000,0.250000
0.238204,2.012775,0.250000,0.250000
0.228934,2.016526,0.250000,0.250000
0.219627,2.020182,0.250000,0.250000
0.210282,2.023743,0.250000,0.250000
0.200902,2.027209,0.250000,0.250000
0.191487,2.030578,0.250000,0.250000
0.182038,2.033852,0.250000,0.250000
0.172556,2.037028,0.250000,0.250000
0.163042,2.040108,0.250000,0.250000
0.153497,2.043090,0.250000,0.250000
0.143922,2.045975,0.250000,0.250000
0.134318,2.048761,0.250000,0.250000
0.124686,2.051450,0.250000,0.250000
0.115028,2.054040,0.250000,0.250000
0.105343,2.056531,0.250000,0.250000
0.095633,2.058923,0.250000,0.250000
0.085900,2.061216,0.250000,0.250000
0.076143,2.063410,0.250000,0.250000
0.066365,2.065503,0.250000,0.250000
0.056566,2.067497,0.250000,0.250000
0.046747,2.069391,0.250000,0.250000
0.036909,2.071184,0.250000,0.250000
0.027053,2.072877,0.250000,0.250000
0.017181,2.074468,0.250000,0.250000
0.007293,2.075960,0.250000,0.250000
-0.002610,2.077350,0.250000,0.250000
-0.012527,2.078638,0.250000,0.250000
-0.022456,2.079826,0.250000,0.250000
-0.032397,2.080912,0.250000,0.250000
-0.042348,2.081896,0.250000,0.250000
-0.052309,2.082779,0.250000,0.250000
-0.062279,2.083560,0.250000,0.250000
-0.072255,2.084239,0.250000,0.250000
-0.082239,2.084817,0.250000,0.250000
-0.092227,2.085292,0.250000,0.250000
-0.102220,2.085665,0.250000,0.250000
-0.112217,2.085936,0.250000,0.250000
-0.122215,2.086106,0.250000,0.250000
-0.132215,2.086173,0.250000,0.250000
-0.142215,2.086138,0.250000,0.250000
-0.152214,2.086000,0.250000,0.250000
-0.162211,2.085761,0.250000,0.250000
-0.172205,2.085420,0.250000,0.250000
-0.182195,2.084976,0.250000,0.250000
-0.192180,2.084431,0.250000,0.250000
-0.202159,2.083784,0.250000,0.250000
-0.212131,2.083034,0.250000,0.250000
-0.222095,2.082184,0.250000,0.250000
-0.232049,2.081231,0.250000,0.250000
-0.241993,2.080177,0.250000,0.250000
-0.251926,2.079021,0.250000,0.250000
-0.261847,2.077764,0.250000,0.250000
-0.271754,2.076405,0.250000,0.250000
-0.281647,2.074946,0.250000,0.250000
-0.291525,2.073386,0.250000,0.250000
-0.301386,2.071724,0.250000,0.250000
-0.311229,2.069963,0.250000,0.250000
-0.321054,2.068101,0.250000,0.250000
-0.330860,2.066138,0.250000,0.250000
-0.340645,2.064076,0.250000,0.250000
-0.350408,2.061913,0.250000,0.250000
-0.360149,2.059652,0.250000,0.250000
-0.369866,2.057290,0.250000,0.250000
-0.379559,2.054830,0.250000,0.250000
-0.389226,2.052271,0.250000,0.250000
-0.398866,2.049613,0.250000,0.250000
-0.408479,2.046857,0.250000,0.250000
-0.418063,2.044003,0.250000,0.250000
-0.427617,2.041052,0.250000,0.250000
-0.437141,2.038004,0.250000,0.250000
-0.446636,2.034867,0.250000,0.250000
-0.456103,2.031645,0.250000,0.250000
-0.465543,2.028345,0.250000,0.250000
-0.474957,2.024973,0.250000,0.250000
-0.484348,2.021536,0.250000,0.250000
-0.493716,2.018037,0.250000,0.250000
-0.503064,2.014485,0.250000,0.250000
-0.512393,2.010884,0.250000,0.250000
-0.521705,2.007240,0.250000,0.250000
-0.531003,2.003560,0.250000,0.250000
-0.540289,1.999848,0.250000,0.250000
-0.549564,1.996110,0.250000,0.250000
-0.558832,1.992353,0.250000,0.250000
-0.568093,1.988581,0.250000,0.250000
-0.577351,1.984801,0.250000,0.250000
-0.586608,1.981018,0.250000,0.250000
-0.595865,1.977235,0.250000,0.250000
-0.605122,1.973452,0.250000,0.250000
-0.614378,1.969669,0.250000,0.250000
-0.623635,1.965886,0.250000,0.250000
-0.632892,1.962103,0.250000,0.250000
-0.642149,1.958320,0.250000,0.250000
-0.651406,1.954537,0.250000,0.250000
-0.660662,1.950754,0.250000,0.250000
-0.669919,1.946971,0.250000,0.250000
-0.679176,1.943188,0.250000,0.250000
-0.688433,1.939405,0.250000,0.250000
-0.697690,1.935621,0.250000,0.250000
-0.706946,1.931838,0.250000,0.250000
-0.716203,1.928055,0.250000,0.250000
-0.725460,1.924272,0.250000,0.250000
-0.734717,1.920489,0.250000,0.250000
-0.743974,1.916706,0.250000,0.250000
-0.753230,1.912923,0.250000,0.250000
-0.762487,1.909140,0.250000,0.250000
-0.771744,1.905357,0.250000,0.250000
-0.781001,1.901574,0.250000,0.250000
-0.790258,1.897791,0.250000,0.250000
-0.799514,1.894008,0.250000,0.250000
-0.808771,1.890225,0.250000,0.250000
-0.818028,1.886442,0.250000,0.250000
-0.827285,1.882659,0.250000,0.250000
-0.836542,1.878876,0.250000,0.250000
-0.845798,1.875092,0.250000,0.250000
-0.855055,1.871309,0.250000,0.250000
-0.864312,1.867526,0.250000,0.250000
-0.873569,1.863743,0.250000,0.250000
-0.882826,1.859960,0.250000,0.250000
-0.892082,1.856177,0.250000,0.250000
-0.901339,1.852394,0.250000,0.250000
-0.910596,1.848611,0.250000,0.250000
-0.919853,1.844828,0.250000,0.250000
-0.929110,1.841045,0.250000,0.250000
-0.938367,1.837262,0.250000,0.250000
-0.947623,1.833479,0.250000,0.250000
-0.956880,1.829696,0.250000,0.250000
-0.966137,1.825913,0.250000,0.250000
-0.975394,1.822130,0.250000,0.250000
-0.984651,1.818346,0.250000,0.250000
-0.993907,1.814563,0.250000,0.250000
-1.003164,1.810780,0.250000,0.250000
-1.012423,1.807002,0.250000,0.250000
-1.021682,1.803225,0.250000,0.250000
-1.030942,1.799449,0.250000,0.250000
-1.040201,1.795672,0.250000,0.250000
-1.049461,1.791895,0.250000,0.250000
-1.058720,1.788119,0.250000,0.250000
-1.067979,1.784342,0.250000,0.250000
-1.077239,1.780565,0.250000,0.250000
-1.086498,1.776789,0.250000,0.250000
-1.095758,1.773012,0.250000,0.250000
-1.105017,1.769236,0.250000,0.250000
-1.114277,1.765459,0.250000,0.250000
-1.123536,1.761682,0.250000,0.250000
-1.132795,1.757906,0.250000,0.250000
-1.142055,1.754129,0.250000,0.250000
-1.151314,1.750352,0.250000,0.250000
-1.160574,1.746576,0.250000,0.250000
-1.169833,1.742799,0.250000,0.250000
-1.179093,1.739022,0.250000,0.250000
-1.188352,1.735246,0.250000,0.250000
-1.197611,1.731469,0.250000,0.250000
-1.206871,1.727693,0.250000,0.250000
-1.216130,1.723916,0.250000,0.250000
-1.225390,1.720139,0.250000,0.250000
-1.234649,1.716363,0.250000,0.250000
-1.243909,1.712586,0.250000,0.250000
-1.253168,1.708809,0.250000,0.250000
-1.262427,1.705033,0.250000,0.250000
-1.271687,1.701256,0.250000,0.250000
-1.280946,1.697480,0.250000,0.250000
-1.290206,1.693703,0.250000,0.250000
-1.299465,1.689926,0.250000,0.250000
-1.308725,1.686150,0.250000,0.250000
-1.317984,1.682373,0.250000,0.250000
-1.327243,1.678596,0.250000,0.250000
-1.336503,1.674820,0.250000,0.250000
-1.345762,1.671043,0.250000,0.250000
-1.355022,1.667266,0.250000,0.250000
-1.364281,1.663490,0.250000,0.250000
-1.373541,1.659713,0.250000,0.250000
-1.382800,1.655937,0.250000,0.250000
-1.392059,1.652160,0.250000,0.250000
-1.401319,1.648383,0.250000,0.250000
-1.410578,1.644607,0.250000,0.250000
-1.419838,1.640830,0.250000,0.250000
-1.429097,1.637053,0.250000,0.250000
-1.438356,1.633276,0.250000,0.250000
-1.447613,1.629494,0.250000,0.250000
-1.456866,1.625701,0.250000,0.250000
-1.466112,1.621891,0.250000,0.250000
-1.475349,1.618059,0.250000,0.250000
-1.484574,1.614200,0.250000,0.250000
-1.493785,1.610308,0.250000,0.250000
-1.502980,1.606376,0.250000,0.250000
-1.512156,1.602401,0.250000,0.250000
-1.521310,1.598375,0.250000,0.250000
-1.530439,1.594294,0.250000,0.250000
-1.539541,1.590152,0.250000,0.250000
-1.548613,1.585945,0.250000,0.250000
-1.557651,1.581665,0.250000,0.250000
-1.566652,1.577310,0.250000,0.250000
-1.575614,1.572872,0.250000,0.250000
-1.584532,1.568347,0.250000,0.250000
-1.593403,1.563732,0.250000,0.250000
-1.602227,1.559027,0.250000,0.250000
-1.611002,1.554232,0.250000,0.250000
-1.619728,1.549347,0.250000,0.250000
-1.628403,1.544374,0.250000,0.250000
-1.637028,1.539312,0.250000,0.250000
-1.645600,1.534163,0.250000,0.250000
-1.654119,1.528926,0.250000,0.250000
-1.662584,1.523602,0.250000,0.250000
-1.670995,1.518193,0.250000,0.250000
-1.679349,1.512698,0.250000,0.250000
-1.687647,1.507117,0.250000,0.250000
-1.695888,1.501453,0.250000,0.250000
-1.704071,1.495704,0.250000,0.250000
-1.712194,1.489872,0.250000,0.250000
-1.720257,1.483958,0.250000,0.250000
-1.728260,1.477961,0.250000,0.250000
-1.736201,1.471883,0.250000,0.250000
-1.744079,1.465725,0.250000,0.250000
-1.751895,1.459486,0.250000,0.250000
-1.759646,1.453168,0.250000,0.250000
-1.767332,1.446771,0.250000,0.250000
-1.774952,1.440295,0.250000,0.250000
-1.782506,1.433743,0.250000,0.250000
-1.789993,1.427113,0.250000,0.250000
-1.797411,1.420407,0.250000,0.250000
-1.804761,1.413626,0.250000,0.250000
-1.812041,1.406771,0.250000,0.250000
-1.819250,1.399841,0.250000,0.250000
-1.826389,1.392838,0.250000,0.250000
-1.833455,1.385763,0.250000,0.250000
-1.840449,1.378615,0.250000,0.250000
-1.847370,1.371397,0.250000,0.250000
-1.854217,1.364109,0.250000,0.250000
-1.860988,1.356750,0.250000,0.250000
-1.867685,1.349323,0.250000,0.250000
-1.874305,1.341829,0.250000,0.250000
-1.880848,1.334267,0.250000,0.250000
-1.887314,1.326638,0.250000,0.250000
-1.893701,1.318944,0.250000,0.250000
-1.900010,1.311185,0.250000,0.250000
-1.906239,1.303362,0.250000,0.250000
-1.912387,1.295476,0.250000,0.250000
-1.918455,1.287527,0.250000,0.250000
-1.924442,1.279517,0.250000,0.250000
-1.930346,1.271446,0.250000,0.250000
-1.936168,1.263316,0.250000,0.250000
-1.941906,1.255126,0.250000,0.250000
-1.947560,1.246878,0.250000,0.250000
-1.953130,1.238573,0.250000,0.250000
-1.958615,1.230211,0.250000,0.250000
-1.964014,1.221794,0.250000,0.250000
-1.969327,1.213322,0.250000,0.250000
-1.974553,1.204797,0.250000,0.250000
-1.979692,1.196218,0.250000,0.250000
-1.984743,1.187587,0.250000,0.250000
-1.989705,1.178906,0.250000,0.250000
-1.994579,1.170174,0.250000,0.250000
-1.999363,1.161392,0.250000,0.250000
-2.004057,1.152563,0.250000,0.250000
-2.008661,1.143686,0.250000,0.250000
-2.013174,1.134762,0.250000,0.250000
-2.017596,1.125793,0.250000,0.250000
-2.021925,1.116779,0.250000,0.250000
-2.026163,1.107721,0.250000,0.250000
-2.030308,1.098620,0.250000,0.250000
-2.034359,1.089478,0.250000,0.250000
-2.038317,1.080295,0.250000,0.250000
-2.042182,1.071071,0.250000,0.250000
-2.045951,1.061809,0.250000,0.250000
-2.049626,1.052509,0.250000,0.250000
-2.053206,1.043172,0.250000,0.250000
-2.056690,1.033798,0.250000,0.250000
-2.060079,1.024390,0.250000,0.250000
-2.063371,1.014947,0.250000,0.250000
-2.066566,1.005472,0.250000,0.250000
-2.069665,0.995964,0.250000,0.250000
-2.072666,0.986425,0.250000,0.250000
-2.075570,0.976856,0.250000,0.250000
-2.078376,0.967258,0.250000,0.250000
-2.081084,0.957631,0.250000,0.250000
-2.083693,0.947978,0.250000,0.250000
-2.086204,0.938298,0.250000,0.250000
-2.088615,0.928593,0.250000,0.250000
-2.090928,0.918865,0.250000,0.250000
-2.093141,0.909113,0.250000,0.250000
-2.095254,0.899338,0.250000,0.250000
-2.097267,0.889543,0.250000,0.250000
-2.099181,0.879728,0.250000,0.250000
-2.100994,0.869894,0.250000,0.250000
-2.102706,0.860042,0.250000,0.250000
-2.104318,0.850172,0.250000,0.250000
-2.105829,0.840287,0.250000,0.250000
-2.107238,0.830387,0.250000,0.250000
-2.108547,0.820473,0.250000,0.250000
-2.109754,0.810546,0.250000,0.250000
-2.110860,0.800608,0.250000,0.250000
-2.111865,0.790658,0.250000,0.250000
-2.112767,0.780699,0.250000,0.250000
-2.113568,0.770731,0.250000,0.250000
-2.114268,0.760756,0.250000,0.250000
-2.114865,0.750774,0.250000,0.250000
-2.115360,0.740786,0.250000,0.250000
-2.115753,0.730794,0.250000,0.250000
-2.116045,0.720798,0.250000,0.250000
-2.116234,0.710800,0.250000,0.250000
-2.116321,0.700800,0.250000,0.250000
-2.116306,0.690800,0.250000,0.250000
-2.116189,0.680801,0.250000,0.250000
-2.115970,0.670804,0.250000,0.250000
-2.115648,0.660809,0.250000,0.250000
-2.115225,0.650818,0.250000,0.250000
-2.114699,0.640832,0.250000,0.250000
-2.114072,0.630851,0.250000,0.250000
-2.113343,0.620878,0.250000,0.250000
-2.112512,0.610913,0.250000,0.250000
-2.111579,0.600956,0.250000,0.250000
-2.110545,0.591010,0.250000,0.250000
-2.109409,0.581075,0.250000,0.250000
-2.108172,0.571152,0.250000,0.250000
-2.106833,0.561242,0.250000,0.250000
-2.105394,0.551346,0.250000,0.250000
-2.103853,0.541465,0.250000,0.250000
-2.102212,0.531601,0.250000,0.250000
-2.100470,0.521754,0.250000,0.250000
-2.098627,0.511925,0.250000,0.250000
-2.096684,0.502116,0.250000,0.250000
-2.094642,0.492327,0.250000,0.250000
-2.092499,0.482559,0.250000,0.250000
-2.090257,0.472814,0.250000,0.250000
-2.087915,0.463092,0.250000,0.250000
-2.085474,0.453394,0.250000,0.250000
-2.082934,0.443722,0.250000,0.250000
-2.080296,0.434077,0.250000,0.250000
-2.077559,0.424458,0.250000,0.250000
-2.074724,0.414869,0.250000,0.250000
-2.071792,0.405308,0.250000,0.250000
-2.068762,0.395779,0.250000,0.250000
-2.065634,0.386280,0.250000,0.250000
-2.062410,0.376814,0.250000,0.250000
-2.059090,0.367382,0.250000,0.250000
-2.055673,0.357983,0.250000,0.250000
-2.052161,0.348621,0.250000,0.250000
-2.048553,0.339294,0.250000,0.250000
-2.044850,0.330005,0.250000,0.250000
-2.041052,0.320754,0.250000,0.250000
-2.037161,0.311543,0.250000,0.250000
-2.033175,0.302371,0.250000,0.250000
-2.029096,0.293241,0.250000,0.250000
-2.024924,0.284153,0.250000,0.250000
-2.020659,0.275108,0.250000,0.250000
-2.016302,0.266107,0.250000,0.250000
-2.011853,0.257151,0.250000,0.250000
-2.007314,0.248241,0.250000,0.250000
-2.002683,0.239378,0.250000,0.250000
-1.997962,0.230563,0.250000,0.250000
-1.993152,0.221796,0.250000,0.250000
-1.988252,0.213078,0.250000,0.250000
-1.983263,0.204412,0.250000,0.250000
-1.978186,0.195796,0.250000,0.250000
-1.973022,0.187233,0.250000,0.250000
-1.967770,0.178723,0.250000,0.250000
-1.962432,0.170267,0.250000,0.250000
-1.957007,0.161867,0.250000,0.250000
-1.951497,0.153521,0.250000,0.250000
-1.945903,0.145233,0.250000,0.250000
-1.940223,0.137002,0.250000,0.250000
-1.934461,0.128830,0.250000,0.250000
-1.928614,0.120717,0.250000,0.250000
-1.922686,0.112664,0.250000,0.250000
-1.916675,0.104672,0.250000,0.250000
-1.910583,0.096742,0.250000,0.250000
-1.904411,0.088874,0.250000,0.250000
-1.898158,0.081070,0.250000,0.250000
-1.891827,0.073330,0.250000,0.250000
-1.885416,0.065655,0.250000,0.250000
-1.878927,0.058046,0.250000,0.250000
-1.872361,0.050504,0.250000,0.250000
-1.865719,0.043029,0.250000,0.250000
-1.859000,0.035622,0.250000,0.250000
-1.852206,0.028284,0.250000,0.250000
-1.845339,0.021016,0.250000,0.250000
-1.838404,0.013811,0.250000,0.250000
-1.831411,0.006662,0.250000,0.250000
-1.824369,-0.000438,0.250000,0.250000
-1.817286,-0.007497,0.250000,0.250000
-1.810172,-0.014525,0.250000,0.250000
-1.803034,-0.021528,0.250000,0.250000
-1.795881,-0.028516,0.250000,0.250000
-1.788721,-0.035497,0.250000,0.250000
-1.781562,-0.042479,0.250000,0.250000
-1.774413,-0.049471,0.250000,0.250000
-1.767281,-0.056482,0.250000,0.250000
-1.760176,-0.063519,0.250000,0.250000
-1.753106,-0.070590,0.250000,0.250000
-1.746079,-0.077705,0.250000,0.250000
-1.739104,-0.084871,0.250000,0.250000
-1.732190,-0.092095,0.250000,0.250000
-1.725344,-0.099385,0.250000,0.250000
-1.718568,-0.106739,0.250000,0.250000
-1.711862,-0.114157,0.250000,0.250000
-1.705227,-0.121639,0.250000,0.250000
-1.698664,-0.129184,0.250000,0.250000
-1.692173,-0.136791,0.250000,0.250000
-1.685755,-0.144459,0.250000,0.250000
-1.679410,-0.152189,0.250000,0.250000
-1.673139,-0.159978,0.250000,0.250000
-1.666943,-0.167827,0.250000,0.250000
-1.660821,-0.175734,0.250000,0.250000
-1.654776,-0.183700,0.250000,0.250000
-1.648806,-0.191723,0.250000,0.250000
-1.642914,-0.199802,0.250000,0.250000
-1.637098,-0.207937,0.250000,0.250000
-1.631361,-0.216127,0.250000,0.250000
-1.625701,-0.224372,0.250000,0.250000
-1.620121,-0.232670,0.250000,0.250000
-1.614619,-0.241020,0.250000,0.250000
-1.609198,-0.249423,0.250000,0.250000
-1.603857,-0.257877,0.250000,0.250000
-1.598597,-0.266382,0.250000,0.250000
-1.593418,-0.274937,0.250000,0.250000
-1.588321,-0.283540,0.250000,0.250000
-1.583306,-0.292191,0.250000,0.250000
-1.578373,-0.300890,0.250000,0.250000
-1.573524,-0.309636,0.250000,0.250000
-1.568759,-0.318427,0.250000,0.250000
-1.564077,-0.327264,0.250000,0.250000
-1.559480,-0.336144,0.250000,0.250000
-1.554968,-0.345068,0.250000,0.250000
-1.550540,-0.354035,0.250000,0.250000
-1.546199,-0.363043,0.250000,0.250000
-1.541944,-0.372093,0.250000,0.250000
-1.537775,-0.381182,0.250000,0.250000
-1.533693,-0.390311,0.250000,0.250000
-1.529698,-0.399478,0.250000,0.250000
-1.525790,-0.408683,0.250000,0.250000
-1.521971,-0.417925,0.250000,0.250000
-1.518239,-0.427203,0.250000,0.250000
-1.514597,-0.436516,0.250000,0.250000
-1.511043,-0.445863,0.250000,0.250000
-1.507579,-0.455244,0.250000,0.250000
-1.504204,-0.464657,0.250000,0.250000
-1.500919,-0.474102,0.250000,0.250000
-1.497724,-0.483578,0.250000,0.250000
-1.494619,-0.493084,0.250000,0.250000
-1.491605,-0.502619,0.250000,0.250000
-1.488683,-0.512182,0.250000,0.250000
-1.485851,-0.521773,0.250000,0.250000
-1.483111,-0.531390,0.250000,0.250000
-1.480463,-0.541033,0.250000,0.250000
-1.477907,-0.550701,0.250000,0.250000
-1.475443,-0.560392,0.250000,0.250000
-1.473072,-0.570107,0.250000,0.250000
-1.470793,-0.579844,0.250000,0.250000
-1.468607,-0.589602,0.250000,0.250000
-1.466514,-0.599381,0.250000,0.250000
-1.464515,-0.609179,0.250000,0.250000
-1.462609,-0.618995,0.250000,0.250000
-1.460796,-0.628830,0.250000,0.250000
-1.459078,-0.638681,0.250000,0.250000
-1.457453,-0.648548,0.250000,0.250000
-1.455923,-0.658430,0.250000,0.250000
-1.454487,-0.668326,0.250000,0.250000
-1.453145,-0.678236,0.250000,0.250000
-1.451897,-0.688158,0.250000,0.250000
-1.450745,-0.698091,0.250000,0.250000
-1.449687,-0.708035,0.250000,0.250000
-1.448723,-0.717988,0.250000,0.250000
-1.447855,-0.727950,0.250000,0.250000
-1.447082,-0.737920,0.250000,0.250000
-1.446403,-0.747897,0.250000,0.250000
-1.445820,-0.757880,0.250000,0.250000
-1.445332,-0.767868,0.250000,0.250000
-1.444939,-0.777861,0.250000,0.250000
-1.444642,-0.787856,0.250000,0.250000
-1.444439,-0.797854,0.250000,0.250000
-1.444331,-0.807853,0.250000,0.250000
-1.444305,-0.817853,0.250000,0.250000
-1.444351,-0.827853,0.250000,0.250000
-1.444457,-0.837853,0.250000,0.250000
-1.444611,-0.847852,0.250000,0.250000
-1.444801,-0.857850,0.250000,0.250000
-1.445016,-0.867847,0.250000,0.250000
-1.445243,-0.877845,0.250000,0.250000
-1.445471,-0.887842,0.250000,0.250000
-1.445688,-0.897840,0.250000,0.250000
-1.445882,-0.907838,0.250000,0.250000
-1.446041,-0.917837,0.250000,0.250000
-1.446154,-0.927836,0.250000,0.250000
-1.446208,-0.937836,0.250000,0.250000
-1.446192,-0.947836,0.250000,0.250000
-1.446094,-0.957835,0.250000,0.250000
-1.445902,-0.967833,0.250000,0.250000
-1.445609,-0.977829,0.250000,0.250000
-1.445214,-0.987821,0.250000,0.250000
-1.444716,-0.997809,0.250000,0.250000
-1.444117,-1.007791,0.250000,0.250000
-1.443416,-1.017766,0.250000,0.250000
-1.442613,-1.027734,0.250000,0.250000
-1.441708,-1.037693,0.250000,0.250000
-1.440702,-1.047642,0.250000,0.250000
-1.439594,-1.057580,0.250000,0.250000
-1.438385,-1.067507,0.250000,0.250000
-1.437074,-1.077421,0.250000,0.250000
-1.435663,-1.087321,0.250000,0.250000
-1.434150,-1.097205,0.250000,0.250000
-1.432536,-1.107074,0.250000,0.250000
-1.430822,-1.116926,0.250000,0.250000
-1.429007,-1.126760,0.250000,0.250000
-1.427092,-1.136575,0.250000,0.250000
-1.425077,-1.146370,0.250000,0.250000
-1.422962,-1.156143,0.250000,0.250000
-1.420747,-1.165895,0.250000,0.250000
-1.418432,-1.175624,0.250000,0.250000
-1.416019,-1.185328,0.250000,0.250000
-1.413506,-1.195007,0.250000,0.250000
-1.410895,-1.204660,0.250000,0.250000
-1.408186,-1.214286,0.250000,0.250000
-1.405378,-1.223884,0.250000,0.250000
-1.402472,-1.233452,0.250000,0.250000
-1.399469,-1.242990,0.250000,0.250000
-1.396368,-1.252498,0.250000,0.250000
-1.393171,-1.261973,0.250000,0.250000
-1.389877,-1.271414,0.250000,0.250000
-1.386487,-1.280822,0.250000,0.250000
-1.383001,-1.290195,0.250000,0.250000
-1.379419,-1.299531,0.250000,0.250000
-1.375742,-1.308831,0.250000,0.250000
-1.371971,-1.318092,0.250000,0.250000
-1.368105,-1.327315,0.250000,0.250000
-1.364145,-1.336497,0.250000,0.250000
-1.360092,-1.345639,0.250000,0.250000
-1.355945,-1.354739,0.250000,0.250000
-1.351706,-1.363796,0.250000,0.250000
-1.347374,-1.372809,0.250000,0.250000
-1.342951,-1.381777,0.250000,0.250000
-1.338436,-1.390700,0.250000,0.250000
-1.333831,-1.399576,0.250000,0.250000
-1.329135,-1.408405,0.250000,0.250000
-1.324349,-1.417185,0.250000,0.250000
-1.319474,-1.425916,0.250000,0.250000
-1.314510,-1.434597,0.250000,0.250000
-1.309457,-1.443227,0.250000,0.250000
-1.304317,-1.451805,0.250000,0.250000
-1.299089,-1.460329,0.250000,0.250000
-1.293774,-1.468800,0.250000,0.250000
-1.288374,-1.477216,0.250000,0.250000
-1.282887,-1.485577,0.250000,0.250000
-1.277316,-1.493881,0.250000,0.250000
-1.271660,-1.502128,0.250000,0.250000
-1.265920,-1.510316,0.250000,0.250000
-1.260097,-1.518446,0.250000,0.250000
-1.254191,-1.526515,0.250000,0.250000
-1.248203,-1.534524,0.250000,0.250000
-1.242133,-1.542472,0.250000,0.250000
-1.235983,-1.550357,0.250000,0.250000
-1.229753,-1.558178,0.250000,0.250000
-1.223443,-1.565936,0.250000,0.250000
-1.217054,-1.573629,0.250000,0.250000
-1.210586,-1.581256,0.250000,0.250000
-1.204042,-1.588817,0.250000,0.250000
-1.197420,-1.596311,0.250000,0.250000
-1.190722,-1.603736,0.250000,0.250000
-1.183949,-1.611093,0.250000,0.250000
-1.177101,-1.618380,0.250000,0.250000
-1.170179,-1.625597,0.250000,0.250000
-1.163184,-1.632743,0.250000,0.250000
-1.156116,-1.639817,0.250000,0.250000
-1.148976,-1.646819,0.250000,0.250000
-1.141765,-1.653747,0.250000,0.250000
-1.134484,-1.660602,0.250000,0.250000
-1.127133,-1.667381,0.250000,0.250000
-1.119713,-1.674085,0.250000,0.250000
-1.112225,-1.680713,0.250000,0.250000
-1.104670,-1.687265,0.250000,0.250000
-1.097048,-1.693738,0.250000,0.250000
-1.089361,-1.700134,0.250000,0.250000
-1.081609,-1.706451,0.250000,0.250000
-1.073792,-1.712688,0.250000,0.250000
-1.065913,-1.718845,0.250000,0.250000
-1.057971,-1.724922,0.250000,0.250000
-1.049967,-1.730916,0.250000,0.250000
-1.041902,-1.736829,0.250000,0.250000
-1.033778,-1.742660,0.250000,0.250000
-1.025594,-1.748407,0.250000,0.250000
-1.017352,-1.754070,0.250000,0.250000
-1.009053,-1.759648,0.250000,0.250000
-1.000697,-1.765142,0.250000,0.250000
-0.992286,-1.770550,0.250000,0.250000
-0.983820,-1.775872,0.250000,0.250000
-0.975300,-1.781107,0.250000,0.250000
-0.966726,-1.786255,0.250000,0.250000
-0.958101,-1.791315,0.250000,0.250000
-0.949425,-1.796287,0.250000,0.250000
-0.940698,-1.801169,0.250000,0.250000
-0.931922,-1.805963,0.250000,0.250000
-0.923097,-1.810666,0.250000,0.250000
-0.914225,-1.815280,0.250000,0.250000
-0.905306,-1.819802,0.250000,0.250000
-0.896341,-1.824233,0.250000,0.250000
-0.887332,-1.828573,0.250000,0.250000
-0.878279,-1.832820,0.250000,0.250000
-0.869182,-1.836974,0.250000,0.250000
-0.860044,-1.841035,0.250000,0.250000
-0.850865,-1.845003,0.250000,0.250000
-0.841646,-1.848877,0.250000,0.250000
-0.832388,-1.852657,0.250000,0.250000
-0.823092,-1.856342,0.250000,0.250000
-0.813758,-1.859931,0.250000,0.250000
-0.804389,-1.863425,0.250000,0.250000
-0.794984,-1.866824,0.250000,0.250000
-0.785545,-1.870126,0.250000,0.250000
-0.776073,-1.873331,0.250000,0.250000
-0.766568,-1.876440,0.250000,0.250000
-0.757032,-1.879452,0.250000,0.250000
-0.747466,-1.882366,0.250000,0.250000
-0.737871,-1.885182,0.250000,0.250000
-0.728248,-1.887900,0.250000,0.250000
-0.718597,-1.890519,0.250000,0.250000
-0.708920,-1.893040,0.250000,0.250000
-0.699218,-1.895462,0.250000,0.250000
-0.689491,-1.897785,0.250000,0.250000
-0.679741,-1.900008,0.250000,0.250000
-0.669970,-1.902132,0.250000,0.250000
-0.660177,-1.904156,0.250000,0.250000
-0.650363,-1.906079,0.250000,0.250000
-0.640531,-1.907903,0.250000,0.250000
-0.630681,-1.909625,0.250000,0.250000
-0.620813,-1.911248,0.250000,0.250000
-0.610930,-1.912769,0.250000,0.250000
-0.601031,-1.914189,0.250000,0.250000
-0.591118,-1.915508,0.250000,0.250000
-0.581193,-1.916726,0.250000,0.250000
-0.571255,-1.917843,0.250000,0.250000
-0.561307,-1.918858,0.250000,0.250000
-0.551349,-1.919771,0.250000,0.250000
-0.541382,-1.920583,0.250000,0.250000
-0.531407,-1.921292,0.250000,0.250000
-0.521426,-1.921900,0.250000,0.250000
-0.511439,-1.922406,0.250000,0.250000
-0.501447,-1.922810,0.250000,0.250000
-0.491451,-1.923112,0.250000,0.250000
-0.481454,-1.923312,0.250000,0.250000
-0.471454,-1.923409,0.250000,0.250000
-0.461454,-1.923405,0.250000,0.250000
-0.451455,-1.923298,0.250000,0.250000
-0.441457,-1.923090,0.250000,0.250000
-0.431462,-1.922779,0.250000,0.250000
-0.421470,-1.922366,0.250000,0.250000
-0.411484,-1.921851,0.250000,0.250000
-0.401503,-1.921235,0.250000,0.250000
-0.391529,-1.920516,0.250000,0.250000
-0.381562,-1.919696,0.250000,0.250000
-0.371605,-1.918773,0.250000,0.250000
-0.361658,-1.917750,0.250000,0.250000
-0.351721,-1.916624,0.250000,0.250000
-0.341797,-1.915398,0.250000,0.250000
-0.331885,-1.914070,0.250000,0.250000
-0.321988,-1.912641,0.250000,0.250000
-0.312106,-1.911110,0.250000,0.250000
-0.302240,-1.909479,0.250000,0.250000
-0.292391,-1.907748,0.250000,0.250000
-0.282560,-1.905916,0.250000,0.250000
-0.272749,-1.903983,0.250000,0.250000
-0.262957,-1.901951,0.250000,0.250000
-0.253188,-1.899819,0.250000,0.250000
-0.243440,-1.897587,0.250000,0.250000
-0.233715,-1.895255,0.250000,0.250000
-0.224015,-1.892825,0.250000,0.250000
-0.214341,-1.890295,0.250000,0.250000
-0.204692,-1.887667,0.250000,0.250000
-0.195071,-1.884941,0.250000,0.250000
-0.185478,-1.882116,0.250000,0.250000
-0.175915,-1.879193,0.250000,0.250000
-0.166382,-1.876174,0.250000,0.250000
-0.156878,-1.873063,0.250000,0.250000
-0.147403,-1.869866,0.250000,0.250000
-0.137955,-1.866589,0.250000,0.250000
-0.128533,-1.863238,0.250000,0.250000
-0.119136,-1.859820,0.250000,0.250000
-0.109761,-1.856339,0.250000,0.250000
-0.100407,-1.852802,0.250000,0.250000
-0.091073,-1.849215,0.250000,0.250000
-0.081756,-1.845584,0.250000,0.250000
-0.072454,-1.841913,0.250000,0.250000
-0.063164,-1.838210,0.250000,0.250000
-0.053886,-1.834480,0.250000,0.250000
-0.044617,-1.830728,0.250000,0.250000
-0.035354,-1.826960,0.250000,0.250000
-0.026095,-1.823182,0.250000,0.250000
-0.016838,-1.819399,0.250000,0.250000
-0.007581,-1.815616,0.250000,0.250000
0.001676,-1.811833,0.250000,0.250000
0.010932,-1.808050,0.250000,0.250000
0.020189,-1.804267,0.250000,0.250000
0.029446,-1.800484,0.250000,0.250000
0.038703,-1.796701,0.250000,0.250000
0.047960,-1.792918,0.250000,0.250000
0.057216,-1.789135,0.250000,0.250000
0.066473,-1.785352,0.250000,0.250000
0.075730,-1.781569,0.250000,0.250000
0.084987,-1.777786,0.250000,0.250000
0.094244,-1.774002,0.250000,0.250000
0.103500,-1.770219,0.250000,0.250000
0.112757,-1.766436,0.250000,0.250000
0.122014,-1.762653,0.250000,0.250000
0.131271,-1.758870,0.250000,0.250000
0.140528,-1.755087,0.250000,0.250000
0.149784,-1.751304,0.250000,0.250000
0.159041,-1.747521,0.250000,0.250000
0.168298,-1.743738,0.250000,0.250000
0.177555,-1.739955,0.250000,0.250000
0.186812,-1.736172,0.250000,0.250000
0.196068,-1.732389,0.250000,0.250000
0.205325,-1.728606,0.250000,0.250000
0.214582,-1.724823,0.250000,0.250000
0.223839,-1.721040,0.250000,0.250000
0.233096,-1.717257,0.250000,0.250000
0.242352,-1.713473,0.250000,0.250000
0.251609,-1.709690,0.250000,0.250000
0.260866,-1.705907,0.250000,0.250000
0.270123,-1.702124,0.250000,0.250000
0.279380,-1.698341,0.250000,0.250000
0.288637,-1.694558,0.250000,0.250000
0.297893,-1.690775,0.250000,0.250000
0.307150,-1.686992,0.250000,0.250000
0.316407,-1.683209,0.250000,0.250000
0.325664,-1.679426,0.250000,0.250000
0.334921,-1.675643,0.250000,0.250000
0.344177,-1.671860,0.250000,0.250000
0.353434,-1.668077,0.250000,0.250000
0.362691,-1.664294,0.250000,0.250000
0.371948,-1.660511,0.250000,0.250000
0.381205,-1.656728,0.250000,0.250000
0.390461,-1.652944,0.250000,0.250000
0.399718,-1.649161,0.250000,0.250000
