# x,y   s_track — tools/draw_track.py 2026-10-01 20:33
# 길이 11.99 m, 240점 0.05 m 간격, 폭 0.50 m, R_min 0.979 m
0.4047,-1.6454
0.4510,-1.6266
0.4973,-1.6077
0.5436,-1.5888
0.5899,-1.5699
0.6362,-1.5510
0.6825,-1.5321
0.7288,-1.5133
0.7751,-1.4944
0.8214,-1.4755
0.8676,-1.4565
0.9137,-1.4370
0.9591,-1.4162
1.0036,-1.3934
1.0469,-1.3684
1.0889,-1.3412
1.1294,-1.3119
1.1684,-1.2806
1.2057,-1.2474
1.2413,-1.2123
1.2750,-1.1754
1.3069,-1.1368
1.3367,-1.0967
1.3644,-1.0551
1.3899,-1.0121
1.4133,-0.9679
1.4343,-0.9225
1.4530,-0.8762
1.4693,-0.8289
1.4832,-0.7809
1.4946,-0.7322
1.5035,-0.6830
1.5099,-0.6334
1.5138,-0.5836
1.5151,-0.5336
1.5138,-0.4836
1.5100,-0.4338
1.5037,-0.3842
1.4948,-0.3350
1.4835,-0.2863
1.4697,-0.2382
1.4534,-0.1910
1.4347,-0.1446
1.4137,-0.0992
1.3905,-0.0550
1.3649,-0.0120
1.3373,0.0297
1.3075,0.0698
1.2757,0.1084
1.2420,0.1454
1.2068,0.1808
1.1710,0.2158
1.1358,0.2512
1.1020,0.2881
1.0700,0.3265
1.0399,0.3664
1.0117,0.4077
0.9856,0.4503
0.9615,0.4941
0.9394,0.5390
0.9196,0.5849
0.9020,0.6317
0.8866,0.6793
0.8735,0.7275
0.8627,0.7763
0.8542,0.8256
0.8481,0.8752
0.8444,0.9251
0.8431,0.9751
0.8436,1.0251
0.8447,1.0750
0.8448,1.1250
0.8427,1.1750
0.8380,1.2248
0.8308,1.2742
0.8211,1.3233
0.8089,1.3718
0.7942,1.4195
0.7771,1.4665
0.7576,1.5126
0.7358,1.5576
0.7118,1.6014
0.6855,1.6439
0.6571,1.6851
0.6266,1.7247
0.5942,1.7627
0.5598,1.7991
0.5237,1.8336
0.4858,1.8662
0.4463,1.8969
0.4053,1.9255
0.3629,1.9520
0.3192,1.9763
0.2743,1.9983
0.2284,2.0180
0.1815,2.0353
0.1337,2.0502
0.0853,2.0627
0.0363,2.0726
-0.0131,2.0801
-0.0628,2.0850
-0.1128,2.0874
-0.1628,2.0872
-0.2127,2.0845
-0.2624,2.0792
-0.3118,2.0714
-0.3607,2.0611
-0.4090,2.0483
-0.4567,2.0331
-0.5036,2.0159
-0.5501,1.9976
-0.5964,1.9787
-0.6427,1.9598
-0.6890,1.9409
-0.7353,1.9219
-0.7816,1.9030
-0.8279,1.8841
-0.8741,1.8652
-0.9204,1.8463
-0.9667,1.8274
-1.0130,1.8084
-1.0593,1.7896
-1.1056,1.7707
-1.1519,1.7518
-1.1982,1.7329
-1.2445,1.7140
-1.2908,1.6952
-1.3371,1.6763
-1.3834,1.6574
-1.4297,1.6385
-1.4759,1.6195
-1.5219,1.5998
-1.5672,1.5788
-1.6116,1.5557
-1.6547,1.5304
-1.6965,1.5029
-1.7368,1.4733
-1.7755,1.4417
-1.8126,1.4082
-1.8479,1.3728
-1.8814,1.3357
-1.9130,1.2969
-1.9425,1.2566
-1.9699,1.2148
-1.9951,1.1716
-2.0182,1.1272
-2.0389,1.0817
-2.0573,1.0352
-2.0732,0.9879
-2.0868,0.9397
-2.0978,0.8910
-2.1064,0.8417
-2.1124,0.7921
-2.1159,0.7422
-2.1169,0.6922
-2.1153,0.6423
-2.1111,0.5925
-2.1044,0.5429
-2.0952,0.4938
-2.0835,0.4452
-2.0693,0.3972
-2.0527,0.3501
-2.0337,0.3038
-2.0124,0.2586
-1.9888,0.2145
-1.9630,0.1717
-1.9350,0.1303
-1.9050,0.0903
-1.8729,0.0520
-1.8390,0.0153
-1.8036,-0.0201
-1.7679,-0.0550
-1.7328,-0.0906
-1.6992,-0.1277
-1.6675,-0.1664
-1.6377,-0.2065
-1.6098,-0.2480
-1.5839,-0.2907
-1.5600,-0.3347
-1.5383,-0.3797
-1.5188,-0.4258
-1.5015,-0.4727
-1.4864,-0.5203
-1.4736,-0.5687
-1.4632,-0.6175
-1.4551,-0.6669
-1.4493,-0.7165
-1.4459,-0.7664
-1.4449,-0.8164
-1.4456,-0.8664
-1.4466,-0.9164
-1.4465,-0.9664
-1.4440,-1.0163
-1.4390,-1.0661
-1.4314,-1.1155
-1.4213,-1.1644
-1.4088,-1.2128
-1.3937,-1.2605
-1.3763,-1.3074
-1.3565,-1.3533
-1.3344,-1.3981
-1.3100,-1.4418
-1.2835,-1.4841
-1.2548,-1.5251
-1.2240,-1.5645
-1.1913,-1.6023
-1.1567,-1.6384
-1.1203,-1.6726
-1.0822,-1.7050
-1.0425,-1.7354
-1.0013,-1.7637
-0.9587,-1.7899
-0.9148,-1.8138
-0.8698,-1.8355
-0.8237,-1.8549
-0.7766,-1.8719
-0.7288,-1.8865
-0.6803,-1.8986
-0.6312,-1.9082
-0.5818,-1.9153
-0.5320,-1.9198
-0.4820,-1.9219
-0.4320,-1.9213
-0.3821,-1.9182
-0.3325,-1.9126
-0.2831,-1.9045
-0.2343,-1.8938
-0.1860,-1.8807
-0.1385,-1.8651
-0.0916,-1.8478
-0.0452,-1.8293
0.0011,-1.8104
0.0474,-1.7915
0.0937,-1.7726
0.1400,-1.7536
0.1862,-1.7347
0.2325,-1.7158
0.2788,-1.6969
0.3251,-1.6780
0.3714,-1.6591
